DATE,Local Time,TIME UTC,DEPTH CLASS,LATITUDE,LONGITUDE,LOCATION,SAMPLE SITE,WATER PERIOD,MISSION,TOTAL DEPTH,SAMPLING DEPTH,pH,TEMPERATURE,CONDUTIVITY,ODO ,ODO_SAT,TURBIDITY,CHLOROPHYLL,ALKALINITY,SECCHI,SPM,AH - 250nm,AH - 254nm,AH - 365nm,AH - 430nm,AH - 750nm,TOC,POC,DOC,SILICA,P TOTAL,P ORTHOPHOSPHATE,P HYDROLYZABLE,P ORGANIC,N TOTAL,N TOTAL DISSOLVED,N AMMONIA,N NITRATE,N NITRITE,CHLOROPHYLL A,CHLOROPHYLL B,CHLOROPHYLL B,FHEOPHYTIN A,,
3/8/2013,16:00,,1,-2.2513,-55.1462,LG,1,R,I,3.80,0.20,6.80,29.5,66.0,3.2,41.7,50.6,0.9,22.02,0.30,44.80,0.196,0.193,0.048,0.020,0.003,8.273,3.546,4.727,2.330,0.133,"< 0,01",0.152,"< 0,01",0.311,0.256,0.044,0.005,0.010,7.900,"< 0,01",1.638,10.179,,
3/8/2013,16:00,,2,-2.2513,-55.1462,LG,1,R,I,3.80,3.00,6.40,29.0,67.0,2.2,28.7,51.6,0.7,22.85,0.30,10.80,NaN,NaN,NaN,NaN,NaN,NaN,NaN,NaN,NaN,NaN,NaN,NaN,NaN,NaN,NaN,NaN,NaN,NaN,NaN,NaN,NaN,NaN,,
3/9/2013,10:40,,1,-2.2842,-55.2202,LG,2,R,I,2.30,0.20,6.54,30.5,44.0,5.2,69.9,3.2,1.0,12.09,1.70,14.80,0.112,0.113,0.027,0.011,0.004,2.579,"< 0,001",3.575,1.990,0.022,"< 0,01",0.009,0.013,0.225,0.127,0.031,"< 0,01","< 0,01",1.969,"< 0,01","< 0,01",6.907,,
3/9/2013,11:20,,1,-2.1970,-55.2995,LG,3,R,I,4.63,0.20,7.20,30.3,66.0,6.3,83.4,39.8,0.7,27.69,0.38,34.40,0.129,0.128,0.032,0.014,0.002,6.625,3.771,2.854,2.430,0.066,0.018,0.022,0.026,0.336,0.279,0.011,0.101,"< 0,01",2.144,1.947,"< 0,01",1.363,,
3/9/2013,13:00,,1,-2.2217,-55.2702,LG,4,R,I,5.44,0.20,6.67,30.6,67.0,6.9,92.8,51.3,0.8,24.06,0.34,44.40,0.009,0.011,0.009,0.006,0.001,7.240,6.223,1.017,2.450,0.114,0.027,0.023,0.064,0.376,0.043,0.015,0.049,"< 0,01",10.235,8.205,5.193,"< 0,01",,
3/9/2013,13:00,,2,-2.2217,-55.2702,LG,4,R,I,5.44,1.00,7.37,30.5,67.0,6.9,92.7,51.1,0.9,NaN,0.34,43.60,0.187,0.177,0.045,0.018,0.000,6.890,3.273,3.617,2.290,0.098,"< 0,01",0.017,0.080,0.325,0.189,0.004,0.084,"< 0,01",9.284,8.136,4.958,"< 0,01",,
3/9/2013,13:00,,3,-2.2217,-55.2702,LG,4,R,I,5.44,2.00,6.53,30.0,67.0,6.8,89.8,49.3,0.7,23.88,0.34,44.80,0.103,0.104,0.030,0.015,0.002,6.366,3.764,2.602,2.380,0.097,0.024,0.012,0.061,0.350,0.196,0.014,0.100,"< 0,01",NaN,NaN,NaN,NaN,,
3/9/2013,13:00,,4,-2.2217,-55.2702,LG,4,R,I,5.44,3.00,6.57,29.8,67.0,6.8,89.5,51.0,0.7,23.76,0.34,47.20,0.165,0.164,0.044,0.021,0.004,3.121,"< 0,001",3.418,2.420,0.182,0.026,0.010,0.146,0.340,0.258,0.023,0.095,"< 0,01",6.868,"< 0,01",87.047,"< 0,01",,
3/9/2013,14:35,,1,-2.2096,-55.3471,LG,5,R,I,1.80,0.20,6.90,31.7,68.0,7.3,100.1,58.5,1.2,24.92,0.36,44.80,0.139,0.138,0.070,0.047,0.007,7.280,5.890,1.390,2.300,0.106,"< 0,01",0.060,0.046,0.374,0.095,0.024,0.049,"< 0,01",44.094,19.883,8.364,50.349,,
3/9/2013,16:30,,1,-2.2396,-55.3474,LG,6,R,I,5.10,0.20,7.53,30.6,69.0,7.4,98.4,45.4,0.8,23.80,0.40,42.40,0.072,0.073,0.020,0.009,0.000,6.720,4.236,2.484,2.180,0.079,"< 0,01",0.043,0.036,0.330,0.124,0.010,0.071,"< 0,01",14.012,10.043,7.607,5.816,,
3/10/2013,9:45,,1,-2.2500,-55.5479,PQ,7,R,I,4.80,0.20,7.25,30.6,56.0,26.9,6.0,80.5,0.7,18.07,0.54,22.00,0.072,0.073,0.022,0.011,0.001,6.007,3.839,2.168,2.440,0.086,"< 0,01",0.058,0.028,0.445,0.226,0.030,0.061,0.009,10.597,9.382,7.442,0.545,,
3/10/2013,10:30,,1,-2.2414,-55.5846,PQ,8,R,I,4.20,0.20,6.62,30.7,51.0,6.2,82.7,25.3,0.8,16.70,0.50,22.00,0.108,0.107,0.032,0.017,0.003,6.048,3.116,2.932,2.560,0.111,0.033,0.020,0.058,0.513,0.187,0.081,0.015,0.016,15.171,7.660,6.231,4.635,,
3/10/2013,12:00,,1,-2.2614,-55.6248,PQ,9,R,I,4.40,0.20,6.30,30.5,41.0,4.8,64.6,18.3,1.1,12.89,0.74,10.60,0.099,0.094,0.030,0.016,0.001,6.299,4.047,2.252,2.390,0.097,"< 0,01",0.013,0.084,0.458,0.127,0.048,0.047,0.005,15.266,10.597,9.906,9.997,,
3/10/2013,13:00,,1,-2.2763,-55.6258,PQ,10,R,I,1.80,0.20,6.30,31.3,34.0,4.6,61.8,12.5,1.6,9.34,0.90,11.60,0.093,0.094,0.030,0.016,0.002,3.929,1.071,2.858,2.110,0.147,"< 0,01",0.011,0.137,0.420,0.422,0.188,0.054,0.008,203.922,44.859,36.459,262.831,,
3/10/2013,15:45,,1,-2.2303,-55.4939,PQ,11,R,I,4.90,0.20,7.05,31.5,65.0,6.7,90.2,33.0,0.7,22.92,0.50,30.40,0.103,0.103,0.025,0.010,0.000,5.966,3.068,2.898,2.040,0.096,"< 0,01",0.021,0.075,0.343,0.209,0.079,0.101,0.005,25.815,10.333,7.226,15.632,,
3/10/2013,16:30,,1,-2.2503,-55.4908,PQ,12,R,I,1.70,0.20,6.90,30.9,61.1,5.5,74.1,28.2,0.7,19.60,0.51,24.40,0.113,0.111,0.028,0.012,0.001,2.667,"< 0,001",3.391,2.030,0.089,0.018,0.074,"< 0,01",0.379,0.230,0.022,0.123,0.007,7.220,4.876,2.078,"< 0,01",,
3/11/2013,8:00,,1,-2.2620,-55.4562,PQ,13,R,I,4.50,0.20,7.05,24.2,65.0,6.6,88.1,47.2,0.5,22.27,0.42,45.20,0.118,0.118,0.028,0.011,0.000,6.369,2.704,3.665,1.970,0.082,"< 0,01",0.015,0.067,0.390,0.207,0.016,0.118,0.008,5.246,4.279,1.150,"< 0,01",,
3/11/2013,8:00,,2,-2.2620,-55.4562,PQ,13,R,I,4.50,1.00,6.72,30.2,65.0,6.6,87.8,49.2,0.5,22.89,0.42,37.20,0.116,0.116,0.028,0.013,0.000,2.374,"< 0,001",3.157,2.080,0.086,0.037,0.011,0.038,0.367,0.277,0.171,0.172,"< 0,01",3.631,"< 0,01",0.188,5.998,,
3/11/2013,8:00,,3,-2.2620,-55.4562,PQ,13,R,I,4.50,2.00,6.64,30.2,64.0,6.6,87.6,49.3,0.5,19.64,0.42,39.20,0.082,0.084,0.025,0.013,0.001,5.301,3.297,2.004,1.900,0.076,"< 0,01",0.013,0.063,0.380,0.275,0.017,0.089,0.009,3.896,0.018,0.400,5.998,,
3/11/2013,8:00,,4,-2.2620,-55.4562,PQ,13,R,I,4.50,4.00,6.90,30.2,64.0,6.6,87.2,46.6,0.5,22.07,0.42,37.20,0.123,0.123,0.033,0.015,0.001,6.213,2.849,3.364,1.760,0.104,"< 0,01",0.010,0.094,0.371,0.260,0.016,0.129,"< 0,01",3.122,"< 0,01",0.372,5.726,,
3/11/2013,11:20,,1,-2.1753,-55.4909,GP,14,R,I,2.00,0.20,7.08,29.7,71.0,6.1,79.8,47.4,0.8,26.07,0.42,39.60,0.152,0.151,0.036,0.014,0.000,3.133,"< 0,001",3.381,2.020,0.097,"< 0,01",0.015,0.083,0.363,0.211,0.008,0.075,"< 0,01",4.814,"< 0,01",0.191,8.543,,
3/11/2013,13:00,,1,-2.1333,-55.4888,GP,15,R,I,4.60,0.20,7.07,30.5,73.1,6.9,92.5,44.6,0.6,26.24,0.42,39.20,0.142,0.141,0.035,0.015,0.001,6.892,2.912,3.980,2.150,0.101,"< 0,01",0.016,0.085,0.428,0.243,0.006,0.126,0.009,4.234,"< 0,01",0.482,8.725,,
3/11/2013,13:00,,2,-2.1333,-55.4888,GP,15,R,I,4.60,1.00,7.01,25.1,73.0,6.8,89.7,45.4,0.6,26.03,0.42,40.40,0.094,0.094,0.033,0.017,0.003,3.920,2.132,1.788,2.120,0.137,"< 0,01",0.019,0.118,0.217,0.115,0.025,0.030,"< 0,01",4.745,1.998,"< 0,01",9.997,,
3/11/2013,13:00,,3,-2.1333,-55.4888,GP,15,R,I,4.60,2.00,6.90,25.7,73.0,6.6,87.9,48.2,0.5,52.60,0.42,41.20,0.140,0.139,0.043,0.023,0.006,6.488,3.317,3.171,2.240,0.110,"< 0,01",0.013,0.098,0.363,0.271,0.000,0.128,0.005,4.618,0.053,0.862,8.725,,
3/11/2013,13:00,,4,-2.1333,-55.4888,GP,15,R,I,4.60,4.00,7.07,30.0,73.0,6.4,85.0,51.8,0.5,26.93,0.42,48.00,0.117,0.117,0.029,0.011,0.000,6.481,2.981,3.500,2.030,0.083,"< 0,01",0.015,0.069,0.365,0.191,0.000,0.101,0.012,NaN,NaN,NaN,NaN,,
3/11/2013,14:30,,1,-2.0690,-55.4862,SN,16,R,I,5.00,0.20,7.15,30.8,68.0,6.5,87.4,52.2,1.0,24.66,0.38,39.60,0.097,0.099,0.031,0.015,0.002,7.307,4.475,2.832,2.110,0.186,0.075,0.013,0.099,0.357,0.257,0.030,0.024,0.005,5.853,"< 0,01",0.677,12.451,,
3/11/2013,15:00,,1,-2.0346,-55.4860,SN,17,R,I,2.40,0.20,7.02,31.7,66.0,4.5,61.9,52.8,1.7,24.99,0.40,35.60,0.154,0.153,0.043,0.021,0.002,7.805,3.514,4.291,1.970,0.092,"< 0,01",0.019,0.073,0.342,0.334,0.050,0.030,0.009,13.933,1.004,2.002,23.538,,
3/11/2013,16:30,,1,-2.0790,-55.5268,SN,18,R,I,4.50,0.20,7.15,31.8,72.0,6.7,90.7,42.9,1.1,24.51,0.39,36.80,0.123,0.124,0.035,0.016,0.001,6.484,2.980,3.504,2.120,0.141,"< 0,01",0.016,0.125,0.379,0.238,0.413,0.082,0.007,12.626,0.044,1.142,22.902,,
3/11/2013,17:00,,1,-2.0957,-55.4889,SN,19,R,I,4.00,0.20,7.15,31.5,73.0,6.6,89.3,38.2,0.9,25.42,0.44,36.80,0.081,0.083,0.027,0.015,0.004,4.163,1.283,2.880,2.090,0.097,"< 0,01",0.015,0.082,0.252,0.243,0.064,0.095,"< 0,01",11.086,"< 0,01",0.848,19.267,,
3/12/2013,8:30,,1,-2.1511,-55.5658,PC,20,R,I,5.20,0.20,7.20,30.3,73.0,6.5,86.5,45.3,0.5,24.77,0.44,41.20,0.133,0.133,0.034,0.015,0.001,7.071,2.701,4.370,2.440,0.086,"< 0,01",0.006,0.080,0.413,0.293,0.105,0.101,0.012,5.014,"< 0,01","< 0,01",10.179,,
3/12/2013,10:15,,1,-2.1738,-55.5981,PD,21,R,I,5.00,0.20,7.16,30.4,68.2,6.5,87.0,48.1,0.7,25.14,0.39,45.20,0.072,0.073,0.025,0.013,0.002,6.587,4.868,1.719,2.380,0.106,0.041,0.006,0.059,0.446,0.172,0.025,0.127,"< 0,01",14.399,"< 0,01",1.160,27.719,,
3/12/2013,10:30,,2,-2.1738,-55.5981,PD,21,R,I,5.00,1.00,7.08,30.5,68.0,6.5,86.7,47.7,0.7,24.82,0.39,43.60,0.146,0.145,0.042,0.022,0.005,2.640,"< 0,001",4.603,2.900,0.111,0.085,0.005,0.021,0.504,0.337,0.038,0.133,0.014,11.678,"< 0,01",0.803,"< 0,01",,
3/12/2013,10:30,,3,-2.1738,-55.5981,PD,21,R,I,5.00,3.00,7.02,30.2,68.0,6.2,82.3,50.6,0.6,24.39,0.39,44.80,0.163,0.159,0.035,0.014,0.000,7.234,3.773,3.461,2.570,0.157,"< 0,01",0.006,0.150,0.430,0.248,0.042,"< 0,01","< 0,01",6.356,"< 0,01",0.099,7.180,,
3/12/2013,10:30,,4,-2.1738,-55.5981,PD,21,R,I,5.00,5.00,7.00,30.1,68.0,6.1,81.5,55.6,0.9,23.81,0.39,48.40,0.135,0.135,0.034,0.014,0.001,6.814,2.227,4.587,2.860,0.098,"< 0,01",0.006,0.092,0.404,0.202,0.046,0.048,0.007,NaN,NaN,NaN,NaN,,
3/12/2013,11:15,,1,-2.1426,-55.6258,PC,22,R,I,5.00,0.20,7.23,30.7,69.4,7.3,98.2,39.1,0.8,23.42,0.46,37.60,0.050,0.053,0.017,0.008,0.000,5.916,4.268,1.648,2.710,0.086,"< 0,01",0.005,0.081,0.339,0.122,0.020,0.038,"< 0,01",0.528,2.174,0.968,"< 0,01",,
3/12/2013,12:50,,1,-2.0737,-55.6218,PC,23,R,I,1.70,0.20,7.05,31.6,69.1,6.6,89.3,45.4,0.9,23.88,0.41,42.00,0.108,0.105,0.026,0.013,0.002,1.881,"< 0,001",2.941,2.250,0.113,"< 0,01",0.009,0.104,0.372,0.199,0.024,0.104,0.017,7.868,0.289,2.416,17.177,,
3/12/2013,13:30,,1,-2.1125,-55.6214,PC,24,R,I,5.00,0.20,7.50,31.9,68.7,7.5,101.5,48.5,0.8,23.57,0.38,46.40,0.106,0.106,0.030,0.014,0.001,5.803,2.860,2.943,2.590,0.098,"< 0,01",0.006,0.093,0.348,0.216,0.011,0.070,0.006,8.373,"< 0,01",1.827,18.176,,
3/12/2013,13:30,,2,-2.1125,-55.6214,PC,24,R,I,5.00,1.00,7.13,31.3,68.0,7.5,101.7,47.3,0.8,23.67,0.38,47.60,0.119,0.116,0.024,0.010,0.000,6.129,3.403,2.726,2.440,0.099,"< 0,01",0.007,0.093,0.353,0.201,0.013,0.104,"< 0,01",8.242,"< 0,01",0.395,18.086,,
3/12/2013,13:30,,3,-2.1125,-55.6214,PC,24,R,I,5.00,2.00,7.04,30.0,68.0,6.9,91.8,48.2,0.5,25.14,0.38,46.00,0.129,0.125,0.026,0.010,0.000,6.071,3.169,2.902,2.330,0.099,0.027,0.006,0.066,0.381,0.269,0.017,0.096,"< 0,01",3.901,"< 0,01","< 0,01",8.816,,
3/12/2013,13:30,,4,-2.1125,-55.6214,PC,24,R,I,5.00,4.50,6.95,30.0,68.0,6.8,90.4,53.2,0.6,21.45,0.38,47.20,0.105,0.104,0.025,0.011,0.000,2.147,0.368,1.779,2.830,0.156,"< 0,01",0.007,0.149,0.365,0.210,0.014,0.085,0.006,NaN,NaN,NaN,NaN,,
3/12/2013,15:30,,1,-2.2078,-55.6236,PD,25,R,I,1.70,0.20,7.13,33.5,62.0,7.6,106.4,52.4,1.1,19.95,0.38,47.60,0.102,0.100,0.026,0.011,0.001,8.313,5.638,2.675,2.540,0.117,0.024,0.009,0.084,0.630,0.126,0.071,0.015,"< 0,01",29.821,"< 0,01",2.240,54.984,,
3/13/2013,10:00,,1,-2.1162,-55.6940,PC,26,R,I,4.80,0.20,7.33,30.3,68.0,6.2,82.9,47.5,0.5,18.72,0.41,45.20,0.119,0.118,0.043,0.029,0.015,2.359,"< 0,001",2.712,2.660,0.113,0.023,0.006,0.084,0.439,0.228,0.015,"< 0,01","< 0,01",7.194,"< 0,01","< 0,01",14.905,,
3/13/2013,10:00,,1,-2.1506,-55.7142,PC,27,R,I,4.80,0.20,7.07,31.3,67.0,6.1,82.9,50.8,0.7,21.70,0.46,49.20,0.091,0.088,0.018,0.007,0.000,6.316,0.308,6.008,2.460,0.149,"< 0,01",0.009,0.139,0.452,0.172,0.046,0.040,0.007,NaN,NaN,NaN,NaN,,
3/13/2013,11:30,,1,-2.1525,-55.6762,PC,28,R,I,4.80,0.20,7.15,31.2,66.0,6.8,92.5,49.0,0.6,20.80,0.50,48.40,0.148,0.144,0.031,0.012,0.000,6.533,3.556,2.977,2.770,0.156,"< 0,01",0.009,0.147,0.468,0.233,0.045,0.094,0.007,4.775,"< 0,01","< 0,01",10.451,,
3/13/2013,12:00,,1,-2.1315,-55.6575,PC,29,R,I,5.10,0.20,7.22,31.8,68.0,7.3,100.2,49.0,0.7,21.93,0.44,46.40,0.137,0.133,0.029,0.011,0.000,6.039,3.325,2.714,2.790,0.107,"< 0,01",0.007,0.099,0.414,0.316,0.028,0.085,"< 0,01",7.466,0.715,2.756,20.448,,
3/14/2013,16:00,,1,-2.1572,-55.8052,SL,30,R,I,2.70,0.20,7.20,30.3,63.0,5.7,75.9,21.6,0.9,22.89,0.64,21.00,0.217,0.210,0.042,0.013,0.000,8.016,3.244,4.772,2.680,0.090,"< 0,01",0.006,0.084,0.340,0.220,0.021,0.027,"< 0,01",3.995,36.889,"< 0,01",14.359,,
3/14/2013,17:30,,1,-2.2200,-55.8084,SL,31,R,I,2.70,0.20,6.68,31.9,46.0,5.9,80.1,28.7,1.2,14.75,0.64,24.67,0.218,0.210,0.042,0.014,0.000,5.770,0.385,5.385,1.980,0.072,"< 0,01",0.005,0.067,0.368,0.241,0.010,0.058,"< 0,01",4.288,"< 0,01","< 0,01",10.088,,
3/15/2013,8:00,,1,-2.2016,-55.7928,SL,32,R,I,5.00,0.20,6.89,30.3,47.0,5.8,77.5,30.5,0.8,14.40,0.54,27.60,0.213,0.207,0.043,0.014,0.000,6.636,2.479,4.157,2.490,0.099,"< 0,01",0.007,0.093,0.375,0.251,0.011,0.052,"< 0,01",6.196,"< 0,01","< 0,01",12.633,,
3/15/2013,9:30,,1,-2.1774,-55.8063,SL,33,R,I,4.80,0.20,6.95,30.7,64.0,5.3,70.6,20.6,1.1,23.12,0.52,20.00,0.206,0.204,0.048,0.018,0.001,8.854,3.571,5.283,2.970,0.117,"< 0,01",0.007,0.110,0.625,0.277,0.059,0.005,"< 0,01",18.835,"< 0,01",1.855,44.896,,
3/15/2013,9:30,,2,-2.1774,-55.8063,SL,33,R,I,4.80,1.00,7.02,30.6,64.0,5.1,68.0,20.8,0.9,23.08,0.52,18.00,0.205,0.203,0.049,0.019,0.001,8.533,3.268,5.265,2.900,0.083,"< 0,01",0.006,0.078,0.360,0.225,0.037,0.068,"< 0,01",18.414,"< 0,01","< 0,01",51.803,,
3/15/2013,9:30,,3,-2.1774,-55.8063,SL,33,R,I,4.80,2.00,7.05,30.6,64.0,5.0,66.6,21.7,1.0,20.37,0.52,19.60,0.201,0.199,0.045,0.016,0.000,7.408,2.039,5.369,2.300,0.092,"< 0,01",0.005,0.086,0.353,0.222,0.032,0.072,"< 0,01",9.199,"< 0,01","< 0,01",30.718,,
3/15/2013,9:30,,4,-2.1774,-55.8063,SL,33,R,I,4.80,4.00,6.89,30.5,64.0,4.9,65.8,22.4,0.9,26.56,0.52,23.20,0.189,0.183,0.041,0.016,0.001,4.283,0.421,3.862,2.880,0.077,"< 0,01",0.006,0.071,0.347,0.187,0.035,0.065,"< 0,01",NaN,NaN,NaN,NaN,,
3/15/2013,11:30,,1,-2.1625,-55.7650,SL,34,R,I,5.10,0.20,7.15,30.7,60.0,6.8,91.5,32.9,0.8,22.66,0.40,44.80,0.178,0.172,0.029,0.007,0.000,4.430,"< 0,001",5.709,2.520,0.141,"< 0,01",0.009,0.132,0.549,0.249,0.087,0.066,"< 0,01",51.316,"< 0,01",3.889,151.591,,
3/15/2013,10:00,,1,-2.0999,-56.0069,SL,35,R,I,NaN,0.20,6.53,NaN,NaN,NaN,NaN,NaN,NaN,24.00,NaN,38.00,0.090,0.089,0.017,0.004,0.000,7.728,4.281,3.447,2.690,0.172,"< 0,01",0.009,0.163,0.277,0.118,0.031,0.016,"< 0,01",NaN,NaN,NaN,NaN,,
3/15/2013,13:30,,1,-2.1784,-55.6332,PD,36,R,I,5.10,0.20,7.22,30.7,65.0,6.3,84.7,49.2,2.6,30.22,0.38,49.20,0.165,0.160,0.030,0.009,0.000,6.801,2.496,4.305,2.680,0.047,"< 0,01",0.004,0.043,0.414,0.230,0.032,0.055,"< 0,01",14.209,"< 0,01","< 0,01",44.714,,
3/16/2013,8:45,,1,-2.3099,-55.3774,LG,37,R,I,3.10,0.20,7.04,30.3,68.0,5.4,71.3,34.3,0.5,23.79,0.44,26.00,0.162,0.155,0.029,0.008,0.000,2.836,"< 0,001",4.511,2.530,0.036,"< 0,01",0.002,0.033,0.380,0.206,0.027,0.061,0.009,5.472,"< 0,01","< 0,01",20.176,,
3/16/2013,10:00,,1,-2.2552,-55.3767,LG,38,R,I,5.20,0.20,7.33,30.6,67.0,6.9,92.2,39.4,0.6,22.79,0.40,33.20,0.155,0.151,0.045,0.020,0.000,3.705,1.191,2.514,2.080,0.052,"< 0,01",0.003,0.049,0.323,0.086,0.048,0.061,"< 0,01",8.066,"< 0,01","< 0,01",29.446,,
3/16/2013,10:00,,2,-2.2552,-55.3767,LG,38,R,I,5.20,1.00,7.22,30.1,67.0,6.9,91.5,40.0,0.6,23.64,0.40,30.40,NaN,NaN,NaN,NaN,NaN,NaN,NaN,NaN,NaN,NaN,NaN,NaN,NaN,NaN,NaN,NaN,NaN,NaN,NaN,NaN,NaN,NaN,,
3/16/2013,10:00,,3,-2.2552,-55.3767,LG,38,R,I,5.20,2.00,7.19,29.9,67.0,6.8,89.8,44.7,0.5,24.10,0.40,34.80,NaN,NaN,NaN,NaN,NaN,NaN,NaN,NaN,NaN,NaN,NaN,NaN,NaN,NaN,NaN,NaN,NaN,NaN,NaN,NaN,NaN,NaN,,
3/16/2013,10:00,,4,-2.2552,-55.3767,LG,38,R,I,5.20,3.00,7.27,29.9,67.0,6.8,89.4,40.9,0.5,23.25,0.40,37.60,NaN,NaN,NaN,NaN,NaN,NaN,NaN,NaN,NaN,NaN,NaN,NaN,NaN,NaN,NaN,NaN,NaN,NaN,NaN,NaN,NaN,NaN,,
3/16/2013,13:00,,1,-2.1766,-55.3724,GP,39,R,I,5.00,0.20,7.31,30.5,72.0,6.8,90.7,42.6,0.6,25.06,0.44,38.40,0.187,0.163,0.031,0.009,0.000,2.456,"< 0,001",3.549,2.710,0.036,"< 0,01",0.002,0.034,0.339,0.220,0.012,0.120,0.006,7.027,"< 0,01","< 0,01",23.993,,
3/16/2013,14:45,,1,-2.1351,-55.3706,GP,40,R,I,5.40,0.20,7.21,30.5,73.0,6.5,86.4,36.6,0.6,25.02,0.45,34.80,0.150,0.150,0.042,0.019,0.002,2.449,"< 0,001",3.572,3.360,0.047,"< 0,01",0.003,0.044,0.427,0.285,0.011,0.148,0.008,6.993,"< 0,01","< 0,01",27.628,,
3/16/2013,15:30,,1,-2.1139,-55.3607,GP,41,R,I,2.00,0.20,7.01,30.0,74.0,5.6,74.7,38.0,0.8,26.56,0.48,35.20,0.187,0.179,0.036,0.012,0.000,4.861,3.091,1.770,2.680,0.050,"< 0,01",0.003,0.047,0.436,0.322,0.016,0.066,"< 0,01",12.527,"< 0,01",0.124,41.806,,
3/17/2013,10:30,,1,-2.1660,-55.2332,LG,42,R,I,3.00,0.20,7.03,29.7,68.5,6.0,78.7,38.1,0.5,25.82,0.39,36.80,0.184,0.179,0.036,0.012,0.000,2.801,"< 0,001",4.721,2.210,0.040,"< 0,01",0.003,0.037,0.307,0.297,0.015,0.068,0.008,5.052,"< 0,01","< 0,01",20.721,,
3/17/2013,11:14,,1,-2.2035,-55.2361,LG,43,R,I,5.70,0.20,7.34,30.4,70.0,7.1,94.7,37.0,0.8,25.60,0.39,31.20,0.182,0.177,0.035,0.011,0.000,7.525,2.601,4.924,2.990,0.045,"< 0,01",0.003,0.042,0.353,0.298,0.000,"< 0,01","< 0,01",6.871,"< 0,01","< 0,01",27.265,,
3/17/2013,11:14,,2,-2.2035,-55.2361,LG,43,R,I,5.70,1.00,7.20,30.3,70.0,7.1,94.3,44.9,0.7,29.14,0.39,31.20,0.260,0.254,0.095,0.061,0.029,7.430,2.564,4.866,2.010,0.042,"< 0,01",0.003,0.040,0.344,0.306,0.017,0.080,"< 0,01",8.372,"< 0,01","< 0,01",31.445,,
3/17/2013,11:14,,3,-2.2035,-55.2361,LG,43,R,I,5.70,3.00,7.17,29.7,70.0,6.9,91.1,37.4,0.7,26.07,0.39,31.20,0.071,0.071,0.014,0.005,0.000,7.225,5.716,1.509,3.070,0.059,"< 0,01",0.003,0.056,0.363,0.340,0.040,0.038,0.012,4.646,"< 0,01","< 0,01",21.085,,
3/17/2013,11:14,,4,-2.2035,-55.2361,LG,43,R,I,5.70,4.50,7.24,29.7,70.0,6.9,90.8,38.3,0.6,24.89,0.39,28.80,0.169,0.164,0.034,0.011,0.000,7.363,3.220,4.143,2.930,0.046,"< 0,01",0.003,0.043,0.307,0.259,0.059,0.026,0.023,NaN,NaN,NaN,NaN,,
3/17/2013,13:15,,1,-2.2230,-55.1990,LG,44,R,I,5.70,0.20,7.25,31.6,68.0,6.8,92.7,37.2,0.8,25.36,0.37,28.80,0.166,0.165,0.042,0.018,0.002,2.949,"< 0,001",4.481,3.200,0.074,"< 0,01",0.004,0.070,0.341,0.283,0.047,0.074,"< 0,01",6.924,"< 0,01","< 0,01",27.265,,
3/18/2013,9:15,,1,-2.2428,-55.0661,LG,45,R,I,10.00,0.20,6.98,29.9,66.0,4.4,57.7,41.6,0.6,21.01,0.37,34.00,0.193,0.188,0.039,0.013,0.000,2.593,"< 0,001",4.544,2.420,0.048,"< 0,01",0.003,0.045,0.401,0.275,0.004,0.050,0.005,6.097,"< 0,01","< 0,01",24.538,,
3/18/2013,9:00,,1,-2.1804,-55.0164,AM,46,R,I,NaN,0.20,6.65,NaN,NaN,NaN,NaN,NaN,NaN,20.59,0.24,107.20,0.250,0.246,0.059,0.024,0.001,7.308,4.190,3.118,1.910,0.162,"< 0,01",0.009,0.153,0.360,0.313,0.002,"< 0,01",0.004,"< 0,01","< 0,01","< 0,01",3.090,,
9/8/2013,14:45,,1,-2.2588,-55.6236,PQ,9,F,II,5.10,0.20,6.6,30.2,36.0,5.8,76.7,27.3,1.9,12.82,0.85,14.75,0.135,0.132,0.027,0.008,< LD,4.038,0.148,3.890,3.170,0.036,"< 0,01",0.049,"< 0,01",0.219,0.224,"< 0,01",0.035,"< 0,01",9.327,0.915,0.351,"< 0,01",,
9/8/2013,13:30,,1,-2.2748,-55.6251,PQ,10,F,II,3.70,0.20,6.1,31.7,35.0,3.4,45.8,7.2,2.8,13.06,0.94,10.25,0.132,0.129,0.026,0.007,< LD,4.288,0.160,4.128,2.870,0.036,"< 0,01","< 0,01",0.036,0.243,0.250,"< 0,01",0.010,"< 0,01",43.919,5.135,9.773,59.619,,
9/9/2013,11:15,,1,-2.2513,-55.5440,PQ,7,F,II,4.20,0.20,6.9,30.8,38.0,1.6,21.7,19.3,2.2,9.39,0.68,27.00,0.140,0.136,0.026,0.008,< LD,4.596,0.216,4.380,3.210,0.061,"< 0,01",0.008,0.053,0.311,0.299,"< 0,01",0.134,"< 0,01",44.738,0.899,5.298,61.573,,
9/9/2013,10:20,,1,-2.2403,-55.5824,PQ,8,F,II,4.20,0.20,6.7,30.7,38.0,1.7,22.4,22.7,1.9,9.07,0.87,20.00,0.136,0.133,0.026,0.007,< LD,4.184,0.065,4.119,3.310,0.055,"< 0,01",0.007,0.048,0.275,0.277,"< 0,01",0.070,"< 0,01",12.127,0.807,1.664,11.178,,
9/9/2013,14:15,,1,-2.2513,-55.4927,PQ,11,F,II,4.30,0.20,6.9,32.1,47.0,1.4,19.2,40.4,2.3,15.59,0.67,22.00,0.158,0.156,0.037,0.016,< LD,7.119,0.329,6.790,3.300,0.053,"< 0,01",0.031,0.022,0.565,0.609,0.007,0.246,"< 0,01",157.773,0.359,21.503,193.306,,
9/9/2013,12:45,,1,-2.2513,-55.4927,PQ,12,F,II,2.50,0.20,7.5,32.7,43.0,8.0,110.0,43.8,1.8,13.66,0.71,13.75,0.127,0.125,0.025,0.007,< LD,4.349,0.339,4.010,3.010,0.033,"< 0,01",0.007,0.027,0.260,0.250,"< 0,01",0.024,"< 0,01",24.077,1.206,3.541,32.263,,
9/9/2013,14:15,,2,-2.2513,-55.4927,PQ,11,F,II,4.30,1.40,6.7,31.0,42.0,1.5,20.3,22.6,2.1,13.01,0.67,10.25,0.128,0.127,0.022,0.004,< LD,4.923,0.161,4.762,3.174,0.057,"< 0,01",0.018,0.039,0.386,0.343,0.024,0.124,"< 0,01",116.287,"< 0,01",4.873,223.206,,
9/9/2013,14:15,,3,-2.2513,-55.4927,PQ,11,F,II,4.30,3.50,6.9,30.6,40.0,1.7,22.1,20.8,2.2,12.85,0.67,15.25,0.124,0.122,0.022,0.004,< LD,4.484,0.477,4.007,3.170,0.037,"< 0,01",0.007,0.030,0.286,0.315,0.006,0.079,"< 0,01",42.172,1.154,"< 0,01","< 0,01",,
9/10/2013,9:00,,1,-2.2058,-55.3472,LG,5,F,II,4.60,0.20,7.3,29.9,44.0,NaN,NaN,NaN,NaN,15.72,0.62,34.80,0.135,0.132,0.024,0.006,< LD,4.309,0.406,3.903,3.300,0.048,"< 0,01",0.009,0.039,0.324,0.303,"< 0,01",0.145,"< 0,01",35.183,0.909,5.215,132.017,,
9/10/2013,11:45,,1,-2.1733,-55.3729,GP,39,F,II,4.70,0.20,7.1,30.3,44.0,0.5,6.8,35.6,1.4,15.69,0.63,30.00,0.164,0.159,0.033,0.013,0.002,3.397,0.365,3.032,2.990,0.035,"< 0,01",0.036,"< 0,01",0.238,0.265,"< 0,01",0.098,"< 0,01",39.162,"< 0,01",4.400,53.052,,
9/10/2013,14:00,,1,-2.1351,-55.3706,GP,40,F,II,4.70,0.20,6.7,32.1,44.0,0.4,6.0,43.5,1.4,15.83,0.56,38.40,0.169,0.163,0.035,0.013,0.001,3.283,0.221,3.062,3.090,0.039,"< 0,01",0.053,"< 0,01",0.250,0.217,0.183,0.048,"< 0,01",20.155,0.584,2.850,29.234,,
9/10/2013,14:40,,1,-2.1137,-55.3706,GP,41,F,II,2.60,0.20,8.0,32.1,44.0,7.8,102.8,25.7,1.0,15.07,0.47,44.00,0.177,0.172,0.038,0.015,0.002,3.364,0.473,2.891,3.030,0.043,"< 0,01",0.002,0.041,0.251,0.233,0.006,0.044,"< 0,01",17.572,"< 0,01",1.894,6.665,,
9/10/2013,17:15,,1,-2.1159,-55.4471,GP,47,F,II,4.20,0.20,6.5,31.9,48.4,0.4,5.0,40.1,1.5,15.35,0.52,29.20,0.170,0.165,0.034,0.016,0.001,4.291,0.216,4.075,2.450,0.057,"< 0,01",0.023,0.034,0.432,0.388,0.035,0.072,"< 0,01",85.385,"< 0,01",12.383,132.385,,
9/10/2013,14:00,,2,-2.1351,-55.3706,GP,40,F,II,4.70,1.10,6.7,31.9,44.0,0.5,6.2,46.1,1.4,15.57,0.56,35.60,0.177,0.172,0.037,0.014,0.002,3.362,0.176,3.186,3.090,0.047,"< 0,01",0.001,0.046,0.253,0.216,"< 0,01",0.069,"< 0,01",16.341,1.247,2.631,19.691,,
9/10/2013,14:00,,3,-2.1351,-55.3706,GP,40,F,II,4.70,4.00,7.0,29.9,44.0,0.5,7.0,43.8,1.0,15.26,0.56,102.40,NaN,NaN,NaN,NaN,NaN,NaN,NaN,NaN,NaN,NaN,NaN,NaN,NaN,NaN,NaN,NaN,NaN,NaN,NaN,NaN,NaN,NaN,,
9/11/2013,18:00,,1,-2.1703,-55.4938,GP,14,F,II,3.30,0.20,8.9,31.4,45.0,8.8,119.5,30.3,1.7,15.65,0.48,35.67,0.165,0.164,0.050,0.026,0.003,5.018,0.391,4.627,3.310,0.037,"< 0,01","< 0,01",0.037,0.335,0.304,"< 0,01",0.091,"< 0,01",43.311,"< 0,01",5.948,52.510,,
9/11/2013,15:00,,1,-2.1333,-55.4888,GP,15,F,II,2.60,0.20,9.4,34.6,49.0,11.1,159.2,30.5,1.1,15.61,0.56,27.00,0.120,0.118,0.020,0.002,< LD,4.923,0.010,4.913,3.270,0.047,"< 0,01","< 0,01",0.047,0.275,0.317,"< 0,01",0.067,"< 0,01",62.854,"< 0,01",8.358,88.951,,
9/11/2013,10:00,,1,-2.0706,-55.4869,SN,16,F,II,4.30,0.20,8.0,32.4,42.0,8.1,111.2,92.2,1.4,14.47,0.45,40.00,0.133,0.131,0.027,0.005,< LD,4.068,0.221,3.847,3.190,0.063,"< 0,01",0.026,0.037,0.250,0.213,0.031,0.033,"< 0,01",18.887,"< 0,01",1.533,21.963,,
9/11/2013,8:30,,1,-2.0376,-55.4864,SN,17,F,II,2.50,0.20,6.7,30.9,43.0,0.5,6.7,73.6,1.5,15.36,0.34,70.50,0.134,0.131,0.029,0.007,< LD,4.063,0.176,3.887,3.530,0.075,"< 0,01",0.023,0.051,0.294,0.275,"< 0,01",0.042,"< 0,01",26.174,8.715,13.305,25.447,,
9/11/2013,15:00,,2,-2.1333,-55.4888,GP,15,F,II,2.60,1.10,8.1,30.7,43.0,7.7,103.4,31.7,1.4,15.15,0.56,31.00,0.124,0.122,0.022,0.004,< LD,4.396,0.089,4.307,3.480,0.048,"< 0,01",0.113,"< 0,01",0.280,0.307,"< 0,01",0.075,"< 0,01",60.372,"< 0,01",8.061,83.043,,
9/11/2013,15:00,,3,-2.1333,-55.4888,GP,15,F,II,2.60,2.00,7.4,30.1,43.0,6.8,89.7,33.7,1.2,15.95,0.56,21.67,0.129,0.127,0.027,0.008,< LD,4.006,0.365,3.641,3.480,0.046,"< 0,01",0.003,0.043,0.269,0.237,"< 0,01",0.065,"< 0,01",39.148,"< 0,01",5.017,56.688,,
9/11/2013,11:10,,1,-2.0790,-55.5268,SN,18,F,II,4.10,0.20,6.9,32.1,43.0,0.5,6.6,86.6,1.4,15.12,0.40,74.00,0.146,0.143,0.026,0.005,< LD,5.594,0.806,4.788,3.610,0.093,"< 0,01",0.036,0.058,0.462,0.377,0.015,0.105,"< 0,01",41.450,"< 0,01",3.835,60.285,,
9/11/2013,13:30,,1,-2.0957,-55.4889,SN,19,F,II,3.80,0.20,6.6,32.5,44.0,0.5,7.2,74.7,1.3,14.75,0.39,65.00,0.170,0.167,0.036,0.010,< LD,5.966,0.771,5.195,3.700,0.098,"< 0,01",0.020,0.078,0.424,0.359,"< 0,01",0.212,"< 0,01",62.904,"< 0,01",11.292,94.517,,
9/11/2013,8:30,,2,-2.0376,-55.4864,SN,17,F,II,2.50,0.60,6.6,30.7,43.0,0.5,6.9,69.4,1.2,NaN,0.34,63.50,0.149,0.147,0.040,0.017,< LD,4.006,0.473,3.533,3.610,0.058,"< 0,01",0.050,0.008,0.255,0.245,"< 0,01",0.029,"< 0,01",16.772,1.154,2.217,21.357,,
9/11/2013,8:30,,3,-2.0376,-55.4864,SN,17,F,II,2.50,2.00,6.6,30.4,43.0,0.6,7.3,81.4,1.1,NaN,0.34,72.50,0.125,0.125,0.025,0.005,< LD,3.973,0.227,3.746,3.440,0.049,"< 0,01",0.015,0.034,0.297,0.266,0.043,0.030,"< 0,01",14.450,4.759,7.748,13.632,,
9/11/2013,NaN,,1,-2.0458,-55.4319,SN,48,F,II,NaN,0.20,NaN,NaN,NaN,NaN,NaN,NaN,NaN,14.06,NaN,28.86,0.181,0.175,0.043,0.016,0.001,3.315,0.065,3.250,2.480,0.047,"< 0,01",0.026,0.021,0.332,0.280,0.103,0.014,"< 0,01",39.038,"< 0,01","< 0,01",141.549,,
9/12/2013,9:00,,1,-2.1511,-55.5658,PC,20,F,II,4.60,0.20,8.6,31.2,43.0,7.9,106.6,53.2,1.4,15.72,0.50,35.00,0.182,0.181,0.057,0.031,0.002,5.547,"< 0,001",5.614,3.500,0.075,"< 0,01",0.027,0.047,0.532,0.544,"< 0,01",0.124,"< 0,01",92.441,"< 0,01",11.345,146.320,,
9/12/2013,17:30,,1,-2.1738,-55.5981,PD,21,F,II,4.00,0.20,8.7,31.0,44.0,8.7,117.7,28.9,1.6,14.93,0.48,36.50,0.111,0.110,0.019,0.002,< LD,4.925,0.934,3.991,3.460,0.058,"< 0,01",0.013,0.045,0.301,0.306,"< 0,01",0.065,"< 0,01",117.479,"< 0,01",16.741,175.175,,
9/12/2013,13:30,,1,-2.1167,-55.6929,PC,26,F,II,4.00,0.20,7.2,30.0,41.0,6.7,88.9,94.3,0.9,14.18,0.39,81.00,0.165,0.160,0.033,0.012,0.000,3.870,0.608,3.262,3.220,0.066,"< 0,01",0.072,"< 0,01",0.335,0.292,0.035,0.097,"< 0,01",21.022,"< 0,01",2.536,29.446,,
9/12/2013,17:30,,2,-2.1738,-55.5981,PD,21,F,II,4.00,1.00,7.9,30.5,43.0,7.5,99.7,27.9,1.4,15.21,0.48,27.00,0.118,0.117,0.023,0.005,< LD,3.963,"< 0,001",4.160,2.690,0.040,"< 0,01","< 0,01",0.040,0.253,0.273,"< 0,01",0.031,"< 0,01",45.293,"< 0,01",5.298,67.934,,
9/12/2013,17:30,,3,-2.1738,-55.5981,PD,21,F,II,4.00,3.50,7.5,30.3,43.0,7.1,94.6,33.8,1.1,15.17,0.48,32.00,0.150,0.146,0.030,0.011,0.001,2.342,< LD,2.762,3.700,0.033,"< 0,01",0.008,0.025,0.302,0.274,0.015,0.025,"< 0,01",226.907,"< 0,01","< 0,01",810.667,,
9/12/2013,14:30,,1,-2.1506,-55.7142,PC,27,F,II,4.00,0.20,7.6,30.9,40.0,7.4,98.9,87.2,1.3,14.66,0.40,72.50,0.175,0.169,0.037,0.014,0.001,3.799,0.406,3.393,3.170,0.124,0.029,0.121,"< 0,01",0.416,0.396,0.052,0.591,"< 0,01",74.506,6.421,22.063,106.695,,
9/12/2013,15:45,,1,-2.1525,-55.6762,PC,28,F,II,4.00,0.20,8.0,30.7,42.0,7.6,102.2,56.9,1.3,15.85,0.72,46.00,0.158,0.153,0.031,0.011,0.000,5.729,0.032,5.697,2.890,0.048,"< 0,01",0.046,0.002,0.219,0.197,0.038,0.047,"< 0,01",36.818,0.094,5.734,52.409,,
9/12/2013,12:00,,1,-2.1315,-55.6575,PC,29,F,II,4.30,0.20,7.6,30.0,42.0,7.3,97.1,41.7,1.0,15.07,0.48,43.50,0.154,0.149,0.031,0.011,0.000,3.335,0.216,3.119,2.830,0.047,"< 0,01",0.051,"< 0,01",0.287,0.300,0.009,0.066,"< 0,01",34.814,0.000,3.964,50.742,,
9/13/2013,14:00,,1,-2.1572,-55.8052,SL,30,F,II,3.70,0.20,6.9,29.8,36.0,5.9,77.8,16.9,1.3,14.94,0.51,38.00,0.169,0.163,0.035,0.013,0.001,2.978,0.065,2.913,2.760,0.028,"< 0,01",0.018,0.011,0.187,0.175,"< 0,01",0.027,"< 0,01",19.502,0.960,2.052,26.962,,
9/13/2013,15:00,,1,-2.2200,-55.8084,SL,31,F,II,3.70,0.20,7.2,31.7,42.0,7.6,103.8,27.9,2.0,11.59,0.92,12.29,0.140,0.135,0.027,0.009,0.000,2.961,0.148,2.813,2.150,0.007,"< 0,01",0.008,"< 0,01",0.210,0.212,"< 0,01",0.022,"< 0,01",21.014,1.109,2.336,29.840,,
9/13/2013,16:30,,1,-2.1774,-55.8063,SL,33,F,II,4.00,0.20,7.8,30.5,41.0,7.9,106.0,35.4,1.7,14.90,0.54,28.50,0.150,0.137,0.028,0.010,0.001,3.283,0.329,2.954,2.750,0.047,"< 0,01",0.033,0.014,0.236,0.243,0.036,0.046,"< 0,01",32.119,1.648,3.731,46.577,,
9/13/2013,16:30,,2,-2.1774,-55.8063,SL,33,F,II,4.00,1.00,7.5,30.3,41.0,7.6,100.7,39.1,1.6,14.81,0.54,26.00,0.150,0.146,0.030,0.010,0.000,3.077,0.161,2.916,2.810,0.024,"< 0,01",0.027,"< 0,01",0.146,0.190,0.016,0.060,"< 0,01",22.108,1.050,2.736,28.514,,
9/13/2013,16:30,,3,-2.1774,-55.8063,SL,33,F,II,4.00,3.00,7.4,30.2,41.0,7.4,98.3,34.5,1.7,14.89,0.54,34.00,0.160,0.156,0.033,0.013,0.001,3.349,0.477,2.872,2.850,0.012,"< 0,01",0.014,"< 0,01",0.229,0.186,0.056,0.021,"< 0,01",17.966,0.559,1.598,22.152,,
9/14/2013,15:00,,2,-2.1125,-55.6214,PC,24,F,II,4.30,0.70,7.2,30.3,42.0,7.1,94.1,13.0,1.6,14.09,0.36,67.50,0.167,0.162,0.035,0.013,0.001,3.362,0.446,2.916,3.000,0.044,"< 0,01",0.037,0.007,0.342,0.244,0.040,0.033,"< 0,01",14.535,2.312,5.298,18.631,,
9/14/2013,15:00,,3,-2.1125,-55.6214,PC,24,F,II,4.30,3.50,7.1,30.3,42.0,6.6,87.7,12.3,1.8,14.31,0.36,64.50,0.158,0.153,0.031,0.011,0.001,3.889,0.546,3.343,3.020,0.068,"< 0,01",0.055,0.013,0.277,0.246,0.043,0.020,"< 0,01",44.902,"< 0,01","< 0,01","< 0,01",,
9/14/2013,13:40,,1,-2.1426,-55.6258,PC,22,F,II,4.30,0.20,7.5,30.1,42.0,7.4,98.1,64.8,0.8,14.91,0.58,41.50,0.148,0.144,0.029,0.010,0.001,3.179,0.066,3.113,2.540,0.067,"< 0,01",0.017,0.051,0.407,0.270,0.011,0.055,"< 0,01",31.680,"< 0,01",2.841,36.580,,
9/14/2013,16:15,,1,-2.0735,-55.6209,PC,23,F,II,3.30,0.20,7.1,30.1,41.0,7.4,97.5,30.8,2.0,13.30,0.31,93.50,0.184,0.178,0.031,0.006,0.002,2.928,"< 0,001",3.230,3.000,0.111,0.025,0.080,0.007,0.368,0.312,0.096,0.027,"< 0,01",16.584,"< 0,01",1.153,22.569,,
9/14/2013,15:00,,1,-2.1125,-55.6214,PC,24,F,II,4.30,0.20,7.0,30.4,41.0,7.1,94.1,12.2,1.7,14.25,0.36,68.50,0.185,0.179,0.041,0.016,0.001,3.240,0.133,3.107,2.910,0.085,"< 0,01",0.075,0.009,0.289,0.248,0.066,0.036,"< 0,01",21.988,"< 0,01",2.588,28.476,,
9/14/2013,7:30,,1,-2.2016,-55.7928,SL,32,F,II,4.00,0.20,7.0,29.9,41.0,7.1,94.4,28.1,1.4,13.01,0.72,15.50,0.140,0.135,0.027,0.009,0.000,2.957,0.160,2.797,2.350,0.017,"< 0,01",0.020,"< 0,01",0.225,0.230,0.046,0.033,"< 0,01",20.334,0.823,2.271,26.697,,
9/14/2013,10:00,,1,-2.1625,-55.7450,SL,34,F,II,4.30,0.20,8.7,31.3,42.0,8.9,119.9,25.5,1.8,15.21,0.60,28.00,0.155,0.151,0.032,0.012,0.001,3.358,0.339,3.019,2.790,0.021,"< 0,01",0.010,0.011,0.186,0.215,0.010,0.040,"< 0,01",23.712,0.693,2.809,32.328,,
9/14/2013,NaN,,1,-2.1425,-55.8994,SL,35,F,II,NaN,0.20,NaN,NaN,NaN,NaN,NaN,NaN,NaN,14.66,NaN,39.60,0.150,0.146,0.031,0.011,0.000,3.658,0.806,2.852,2.770,0.044,"< 0,01",0.047,"< 0,01",0.221,0.210,0.088,0.025,"< 0,01",11.320,0.262,1.062,14.655,,
9/15/2013,16:30,,2,-2.2620,-55.4562,PQ,13,F,II,3.90,1.20,7.8,34.4,43.0,8.2,116.7,59.0,3.1,15.65,0.68,28.80,0.144,0.142,0.033,0.014,< LD,5.550,0.470,5.080,3.390,0.644,"< 0,01","< 0,01",0.644,0.461,0.417,"< 0,01",0.107,"< 0,01",123.840,0.021,14.497,184.620,,
9/15/2013,16:30,,3,-2.2620,-55.4562,PQ,13,F,II,3.90,3.50,NaN,30.0,NaN,NaN,NaN,NaN,NaN,15.16,0.68,34.40,0.124,0.122,0.021,0.003,< LD,5.112,0.442,4.670,3.380,0.055,"< 0,01",0.005,0.050,0.392,0.340,"< 0,01",0.112,"< 0,01",55.146,2.613,11.749,17.268,,
9/15/2013,16:30,,1,-2.2620,-55.4562,PQ,13,F,II,3.90,0.20,7.8,34.4,43.0,8.3,119.1,59.2,3.3,15.82,0.68,29.20,0.140,0.138,0.025,0.005,< LD,6.307,0.806,5.501,3.360,0.058,"< 0,01",0.016,0.043,0.533,0.420,"< 0,01",0.120,"< 0,01",55.925,"< 0,01","< 0,01",14.281,,
9/15/2013,9:00,,1,-2.2067,-55.6236,PD,25,F,II,3.30,0.20,8.4,31.6,42.0,8.7,118.0,11.6,2.0,14.89,0.55,30.80,0.151,0.147,0.030,0.011,0.000,3.416,0.394,3.022,2.540,0.039,"< 0,01",0.051,"< 0,01",0.282,0.245,0.018,0.083,"< 0,01",17.330,"< 0,01","< 0,01","< 0,01",,
9/15/2013,10:15,,1,-2.1784,-55.6332,PD,36,F,II,3.90,0.20,8.1,30.3,44.0,8.0,105.9,38.2,1.3,14.58,0.57,32.00,0.161,0.156,0.033,0.012,0.001,3.452,0.470,2.982,2.750,0.049,"< 0,01",0.066,"< 0,01",0.378,0.265,"< 0,01",0.096,"< 0,01",85.819,"< 0,01",10.587,127.754,,
9/16/2013,10:30,,1,-2.2390,-55.3392,LG,6,F,II,NaN,0.20,6.8,30.4,36.0,6.8,90.5,25.7,2.4,15.64,0.71,36.00,0.217,0.213,0.079,0.050,0.016,4.716,0.032,4.684,3.490,0.059,"< 0,01",0.002,0.057,0.383,0.395,"< 0,01",0.127,0.026,44.131,"< 0,01",0.123,13.291,,
9/16/2013,13:30,,1,-2.3071,-55.3733,LG,37,F,II,3.50,0.20,9.0,31.8,45.4,10.0,136.2,44.6,1.5,13.69,0.55,27.00,0.170,0.165,0.035,0.015,0.001,4.553,0.442,4.111,2.830,0.033,"< 0,01",0.016,0.017,0.570,0.525,0.012,0.181,"< 0,01",147.072,"< 0,01",20.308,219.805,,
9/16/2013,11:30,,2,-2.2552,-55.3767,LG,38,F,II,4.10,1.20,8.6,31.3,44.0,8.6,116.1,56.2,1.4,15.65,0.64,35.00,0.166,0.170,0.033,0.013,0.001,3.480,0.010,3.470,3.050,0.045,"< 0,01",0.033,0.012,0.318,0.287,0.008,0.148,"< 0,01",115.306,"< 0,01",13.906,174.039,,
9/16/2013,11:30,,3,-2.2552,-55.3767,LG,38,F,II,4.10,3.50,7.6,30.3,44.0,7.3,96.7,55.4,1.1,13.95,0.64,35.50,0.158,0.153,0.030,0.011,0.001,3.330,0.089,3.241,2.940,0.039,"< 0,01",0.026,0.013,0.240,0.282,0.021,0.134,"< 0,01",76.983,"< 0,01",8.731,78.310,,
9/16/2013,11:30,,1,-2.2552,-55.3767,LG,38,F,II,4.10,0.20,8.8,31.6,45.0,9.0,122.8,58.4,1.5,15.58,0.64,33.50,0.167,0.162,0.034,0.013,0.001,3.977,0.391,3.586,2.890,0.062,"< 0,01",0.040,0.021,0.438,0.386,0.017,0.165,"< 0,01",105.103,"< 0,01",8.237,138.141,,
9/17/2013,15:45,18:45,2,-2.2217,-55.2702,LG,4,F,II,4.30,1.50,8.8,30.0,45.0,8.7,117.4,32.5,1.2,15.47,0.60,26.80,0.159,0.156,0.036,0.014,< LD,5.997,0.394,5.603,3.300,0.055,"< 0,01","< 0,01",0.055,0.497,0.453,"< 0,01",0.171,"< 0,01",111.147,"< 0,01",16.320,172.373,,
9/17/2013,15:45,18:45,3,-2.2217,-55.2702,LG,4,F,II,4.30,3.50,8.0,30.0,44.0,7.3,97.4,28.6,1.0,15.39,0.60,26.40,0.134,0.132,0.025,0.008,< LD,4.750,0.608,4.142,3.280,0.054,"< 0,01",0.005,0.049,0.331,0.311,"< 0,01",0.101,"< 0,01",53.429,"< 0,01",7.286,74.372,,
9/17/2013,12:50,,1,-2.2454,-55.2407,LG,2,F,II,3.70,0.20,7.0,29.7,41.0,7.1,94.1,12.2,1.7,14.60,0.74,4.57,0.138,0.135,0.031,0.014,0.001,4.135,0.133,4.002,3.200,0.028,"< 0,01","< 0,01",0.028,0.370,0.272,0.009,0.195,"< 0,01",56.169,0.745,7.013,76.000,,
9/17/2013,13:30,,1,-2.1970,-55.2995,LG,3,F,II,2.30,0.20,8.8,33.7,45.0,9.0,123.0,61.1,1.4,15.45,0.46,50.40,0.146,0.143,0.027,0.008,< LD,5.224,0.446,4.778,3.540,0.079,"< 0,01",0.053,0.026,0.427,0.395,0.005,0.209,"< 0,01",99.341,3.032,12.626,81.226,,
9/17/2013,15:45,18:45,1,-2.2217,-55.2702,LG,4,F,II,4.30,0.20,9.0,30.0,46.0,9.3,125.7,32.3,1.1,15.73,0.60,27.60,0.154,0.151,0.031,0.010,< LD,6.030,0.546,5.484,3.300,0.059,"< 0,01",0.004,0.055,0.480,0.443,"< 0,01",0.095,"< 0,01",101.601,"< 0,01",12.611,152.985,,
9/17/2013,11:45,,1,-2.1660,-55.2332,LG,42,F,II,3.00,0.20,7.4,29.9,44.0,7.1,93.8,36.6,0.9,15.00,0.58,68.50,0.210,0.203,0.050,0.022,0.003,3.209,0.227,2.982,3.180,0.103,"< 0,01",0.052,0.051,0.233,0.224,0.088,0.082,"< 0,01",21.007,"< 0,01",2.648,32.263,,
9/17/2013,10:45,,2,-2.2035,-55.2361,LG,43,F,II,4.30,2.00,7.4,31.0,42.0,7.1,94.9,15.9,0.9,16.60,0.90,22.50,0.165,0.160,0.034,0.013,0.000,4.296,0.771,3.525,3.090,0.043,"< 0,01",0.003,0.040,0.370,0.286,0.033,0.114,"< 0,01",59.788,"< 0,01",7.788,87.701,,
9/17/2013,10:45,,3,-2.2035,-55.2361,LG,43,F,II,4.30,3.50,NaN,NaN,NaN,NaN,NaN,NaN,NaN,15.84,0.90,24.00,0.156,0.151,0.030,0.011,0.001,3.389,"< 0,001",3.456,3.220,0.026,"< 0,01",0.005,0.021,0.295,0.230,0.012,0.070,"< 0,01",58.977,"< 0,01",8.966,89.519,,
9/17/2013,10:45,,1,-2.2035,-55.2361,LG,43,F,II,4.30,0.20,7.5,31.1,42.0,7.3,98.8,15.9,0.8,16.24,0.90,23.00,0.195,0.189,0.044,0.019,0.001,4.139,0.806,3.333,3.090,0.036,"< 0,01","< 0,01",0.036,0.278,0.247,0.017,0.107,"< 0,01",72.780,"< 0,01",9.087,81.794,,
9/17/2013,9:20,,1,-2.2790,-55.2247,LG,49,F,II,3.00,0.20,6.5,31.4,48.7,0.4,5.0,35.8,1.5,10.66,1.50,3.23,NaN,NaN,NaN,NaN,NaN,NaN,NaN,NaN,NaN,NaN,NaN,NaN,NaN,NaN,NaN,NaN,NaN,NaN,NaN,NaN,NaN,NaN,,
9/18/2013,11:09,,2,-2.2513,-55.1462,LG,1,F,II,NaN,1.50,7.3,30.5,43.0,7.1,93.6,25.3,0.7,15.57,0.74,22.50,0.149,0.145,0.032,0.013,0.001,4.339,0.066,4.273,3.460,0.038,"< 0,01","< 0,01",0.038,0.407,0.351,"< 0,01",0.099,"< 0,01",48.440,"< 0,01",4.681,56.233,,
9/18/2013,11:09,,3,-2.2513,-55.1462,LG,1,F,II,NaN,3.00,7.3,30.5,43.0,7.0,92.5,37.9,0.7,15.49,0.74,23.00,0.145,0.142,0.030,0.012,0.000,4.181,"< 0,001",4.483,3.100,0.052,"< 0,01",0.016,0.036,0.407,0.367,"< 0,01",0.152,"< 0,01",46.189,"< 0,01",6.251,67.253,,
9/18/2013,11:09,,1,-2.2513,-55.1462,LG,1,F,II,3.70,0.20,7.40,30.1,43.0,7.1,94.4,24.8,0.7,14.65,0.74,24.00,0.141,0.137,0.028,0.011,0.000,4.083,"< 0,001",4.503,3.340,0.038,"< 0,01",0.010,0.028,0.454,0.316,0.014,0.179,"< 0,01",46.736,"< 0,01",3.266,49.303,,
9/18/2013,9:40,,1,-2.2930,-55.1990,LG,44,F,II,4.20,0.20,NaN,NaN,NaN,NaN,NaN,NaN,NaN,16.14,0.71,32.40,0.167,0.163,0.035,0.014,0.000,4.467,0.934,3.533,2.430,0.057,"< 0,01",0.027,0.030,0.322,0.333,0.031,0.076,"< 0,01",58.332,"< 0,01",7.944,86.489,,
9/18/2013,13:00,,1,-2.2428,-55.0661,LG,45,F,II,8.40,0.20,6.9,32.4,32.0,7.2,99.5,< LD,1.6,14.97,0.83,16.40,0.161,0.155,0.033,0.013,0.000,3.416,"< 0,001",3.613,2.370,0.033,"< 0,01","< 0,01",0.033,0.264,0.269,0.017,0.173,"< 0,01",101.511,"< 0,01",12.554,153.439,,
9/18/2013,15:00,,1,-2.1804,-55.0164,AM,46,F,II,NaN,0.20,9.0,31.2,46.0,9.2,124.4,31.2,1.1,14.27,0.46,35.60,0.181,0.175,0.042,0.016,0.001,3.446,0.032,3.414,2.400,0.033,"< 0,01",0.016,0.017,0.248,0.268,0.109,0.018,"< 0,01",8.426,0.070,0.989,11.166,,
5/27/2014,17:30,,1,-2.2620,-55.4562,PQ,13,HW,III,NaN,0.20,6.6,29.8,40.0,37.0,4.6,60.3,4.7,0.9,NaN,6.00,0.150,0.125,0.034,0.015,0.002,5.443,1.304,4.139,2.110,0.062,0.015,0.030,0.068,0.440,0.332,0.086,0.099,0.007,5.152,2.841,5.066,53.802,,
5/27/2014,17:30,,2,-2.2620,-55.4562,PQ,13,HW,III,NaN,2.80,6.6,29.8,40.0,36.0,4.5,59.7,4.5,1.0,NaN,6.57,0.145,0.123,0.031,0.013,0.001,4.179,0.468,3.950,1.880,0.262,0.000,0.058,0.364,0.417,0.309,0.096,0.075,0.005,2.380,0.392,0.690,4.817,,
5/27/2014,17:30,,3,-2.2620,-55.4562,PQ,13,HW,III,NaN,7.00,6.4,29.8,36.0,34.0,3.7,48.3,3.6,1.0,NaN,16.86,0.135,0.114,0.030,0.014,0.001,5.176,1.298,3.878,2.140,0.071,0.011,0.036,0.067,0.393,0.301,0.109,0.087,0.011,2.170,0.228,0.257,"< 0,001",,
5/28/2014,14:30,,1,-2.2513,-55.5440,PQ,7,HW,III,NaN,0.20,6.7,31.9,39.0,5.2,71.6,8.1,1.5,15.74,NaN,8.86,0.173,0.151,0.055,0.035,0.013,5.894,1.461,4.433,2.090,0.072,0.029,0.035,0.056,0.317,0.197,0.266,0.058,0.010,4.528,1.082,1.810,14.996,,
5/28/2014,16:00,,1,-2.2403,-55.5824,PQ,8,HW,III,NaN,0.20,6.7,31.1,39.0,4.7,63.7,7.9,1.4,15.13,NaN,8.29,0.153,0.132,0.052,0.034,0.015,4.690,1.495,3.195,1.990,0.062,"< 0,001",0.033,0.066,0.377,0.237,0.094,0.047,0.005,2.320,"< 0,001","< 0,001",< LD,,
5/28/2014,17:00,,1,-2.2588,-55.6236,PQ,9,HW,III,NaN,0.20,6.5,29.8,38.0,3.4,44.8,7.7,0.8,14.99,NaN,6.60,0.152,0.121,0.039,0.020,0.004,4.451,0.736,3.716,2.100,0.079,"< 0,001",0.044,0.137,0.459,0.364,0.188,0.036,0.006,1.852,1.123,1.985,4.181,,
5/28/2014,17:30,,1,-2.2748,-55.6251,PQ,10,HW,III,NaN,0.20,6.5,31.3,31.0,4.6,62.8,0.1,1.2,11.67,NaN,2.50,0.156,0.123,0.038,0.019,0.004,4.854,1.222,3.632,1.710,0.071,0.007,0.050,0.056,0.374,0.283,0.120,0.043,0.005,4.388,1.078,2.090,"< 0,001",,
5/28/2014,11:45,,1,-2.2299,-55.4952,PQ,11,HW,III,NaN,0.20,NaN,NaN,NaN,NaN,NaN,NaN,NaN,15.70,NaN,10.57,0.165,0.132,0.041,0.021,0.005,4.561,0.390,4.543,1.760,0.060,0.018,0.067,0.022,0.500,0.416,0.102,0.130,0.006,4.602,4.626,7.136,8.543,,
5/28/2014,13:17,,1,-2.2513,-55.4927,PQ,12,HW,III,NaN,0.20,6.6,31.4,37.0,4.9,66.0,4.6,1.3,14.17,NaN,6.57,0.123,0.109,0.027,0.012,0.001,4.551,1.390,3.162,2.300,0.047,"< 0,001",0.039,0.045,0.368,0.287,0.124,0.085,0.008,4.885,0.636,1.492,"< 0,001",,
5/28/2014,11:45,,2,-2.2299,-55.4952,PQ,11,HW,III,NaN,2.40,NaN,29.5,NaN,NaN,NaN,NaN,NaN,15.36,NaN,9.71,0.159,0.122,0.035,0.015,0.002,4.952,0.979,3.973,1.650,0.086,0.025,0.100,0.053,0.450,0.359,0.092,0.100,0.014,2.555,0.950,1.594,7.725,,
5/28/2014,11:45,,3,-2.2299,-55.4952,PQ,11,HW,III,NaN,7.00,6.6,29.5,39.0,4.3,56.0,9.2,0.8,NaN,NaN,10.57,0.176,0.145,0.053,0.032,0.011,3.625,0.409,3.614,2.020,0.073,0.048,0.065,0.034,0.399,0.314,0.166,0.211,0.006,4.059,4.317,8.741,7.271,,
5/29/2014,10:45,,1,-2.1703,-55.4938,GP,14,HW,III,NaN,0.20,6.7,29.4,41.0,4.5,58.5,14.6,0.7,15.74,NaN,6.00,0.145,0.120,0.043,0.024,0.008,4.028,0.983,3.045,2.070,0.069,0.011,0.080,0.077,0.314,0.256,0.041,0.063,0.009,3.483,2.695,4.384,"< 0,001",,
5/29/2014,11:50,,1,-2.1333,-55.4888,GP,15,HW,III,NaN,0.20,6.8,30.0,41.0,5.2,69.0,19.6,1.2,15.86,NaN,20.86,0.147,0.109,0.032,0.013,0.001,4.937,1.191,3.746,2.340,0.067,0.307,0.074,0.072,0.365,0.302,0.104,0.137,0.007,4.207,3.030,4.589,35.353,,
5/29/2014,14:00,,1,-2.0706,-55.4869,SN,16,HW,III,NaN,0.20,6.6,30.4,43.0,3.4,44.8,12.6,1.2,19.53,NaN,12.29,0.147,0.121,0.034,0.015,0.001,5.011,1.309,3.702,1.940,0.064,0.010,0.087,0.055,0.313,0.288,0.098,0.054,0.008,1.077,0.786,0.248,3.181,,
5/29/2014,15:00,,1,-2.0376,-55.4864,SN,17,HW,III,NaN,0.20,6.6,30.7,43.0,2.7,36.1,10.8,1.0,20.82,NaN,11.71,0.120,0.105,0.029,0.012,0.000,4.722,1.230,3.493,1.760,0.085,0.033,0.040,0.088,0.388,0.269,0.307,0.063,0.006,1.288,0.592,1.101,"< 0,001",,
5/29/2014,17:14,,1,-2.0790,-55.5268,SN,18,HW,III,NaN,0.20,6.7,30.2,42.0,4.4,57.9,15.2,1.2,16.83,NaN,16.00,0.146,0.125,0.045,0.028,0.011,5.353,2.121,3.231,2.150,0.101,0.041,0.055,0.058,0.470,0.297,0.082,0.085,0.004,4.164,0.616,0.883,8.452,,
5/29/2014,13:00,,1,-2.0957,-55.4889,SN,19,HW,III,NaN,0.20,6.6,30.3,42.0,3.9,51.9,12.8,1.5,16.93,NaN,14.86,0.156,0.132,0.038,0.018,0.002,4.253,0.673,4.459,2.280,0.073,0.085,0.041,0.049,0.519,0.363,0.044,0.131,0.009,1.567,0.358,0.257,4.635,,
5/29/2014,11:50,,2,-2.1333,-55.4888,GP,15,HW,III,NaN,1.60,6.7,29.2,41.0,4.8,62.2,20.8,0.6,15.92,NaN,21.14,0.142,0.112,0.032,0.011,0.001,4.545,1.086,3.459,2.300,0.060,0.025,0.092,0.069,0.319,0.259,0.003,0.130,0.009,4.365,1.126,1.750,"< 0,001",,
5/29/2014,11:50,,3,-2.1333,-55.4888,GP,15,HW,III,NaN,6.00,6.7,29.2,41.0,4.7,60.9,22.0,0.6,15.76,NaN,20.86,0.121,0.106,0.034,0.018,0.005,4.689,1.664,3.025,2.270,0.089,0.040,0.074,0.071,0.320,0.265,0.054,0.125,0.006,2.167,2.311,8.235,22.175,,
5/29/2014,15:00,,2,-2.0376,-55.4864,SN,17,HW,III,NaN,2.00,6.5,30.4,43.0,2.5,32.9,11.7,0.8,20.72,NaN,11.71,0.103,0.114,0.040,0.020,0.005,3.750,0.698,3.051,1.860,0.062,0.213,0.050,0.045,0.296,0.262,0.087,0.062,0.005,3.445,1.600,3.174,"< 0,001",,
5/29/2014,15:00,,3,-2.0376,-55.4864,SN,17,HW,III,NaN,4.00,6.5,29.0,43.0,1.5,19.7,13.7,0.5,16.75,NaN,12.86,0.149,0.116,0.034,0.014,0.001,4.728,1.099,3.629,2.040,0.070,0.154,0.023,0.057,0.365,0.293,0.068,0.049,0.008,5.056,5.097,10.096,23.993,,
5/30/2014,11:31,,1,-2.1426,-55.6258,PC,22,HW,III,NaN,0.20,6.7,30.1,41.0,4.3,56.5,20.5,0.7,15.97,NaN,20.00,0.120,0.119,0.035,0.020,0.008,3.848,1.103,2.745,2.906,0.072,0.012,0.173,0.072,0.375,0.267,0.008,0.063,0.006,2.434,1.486,2.553,25.538,,
5/30/2014,9:10,,1,-2.0735,-55.6209,PC,23,HW,III,NaN,0.20,6.6,20.5,42.0,2.4,30.9,13.0,0.7,16.51,NaN,12.57,0.152,0.147,0.028,0.008,0.001,4.529,3.403,2.978,3.010,0.105,0.025,0.043,0.050,0.360,0.256,0.055,0.066,"< 0,001",1.798,10.261,"< 0,001",1.181,,
5/30/2014,10:20,,1,-2.1125,-55.6214,PC,24,HW,III,NaN,0.20,6.6,29.6,41.0,3.8,50.3,18.6,0.7,21.16,NaN,19.71,0.157,0.152,0.033,0.013,0.001,4.656,1.651,3.005,2.697,0.092,0.027,0.041,0.038,0.335,0.259,0.042,0.066,"< 0,001",2.179,0.102,0.302,8.088,,
5/30/2014,13:00,,1,-2.2067,-55.6236,PD,25,HW,III,NaN,0.20,6.7,27.4,39.0,4.7,63.1,11.1,1.1,15.53,NaN,12.57,0.135,0.132,0.036,0.020,0.008,2.888,0.394,2.867,2.871,0.076,0.023,0.028,0.084,0.360,0.237,0.016,0.083,"< 0,001",1.198,0.107,0.236,2.545,,
5/30/2014,10:20,,2,-2.1125,-55.6214,PC,24,HW,III,NaN,1.80,6.6,29.1,41.0,3.5,45.4,18.8,0.5,23.43,NaN,19.43,0.136,0.133,0.030,0.012,0.001,2.755,0.407,2.348,2.784,0.100,"< 0,001",0.022,0.078,0.353,0.227,0.027,0.059,0.006,1.656,"< 0,001","< 0,001","< 0,001",,
5/30/2014,10:20,,3,-2.1125,-55.6214,PC,24,HW,III,NaN,7.00,6.6,29.0,41.0,3.3,42.3,20.1,0.5,15.40,NaN,20.57,0.130,0.126,0.028,0.011,0.001,6.101,3.092,3.009,3.080,0.093,0.024,0.032,0.048,0.453,0.186,0.057,0.018,"< 0,001",4.075,0.795,1.406,9.633,,
5/31/2014,13:30,,1,-2.1167,-55.6929,PC,26,HW,III,NaN,0.20,6.7,29.4,41.0,4.4,57.0,27.5,0.6,15.43,NaN,28.86,0.128,0.124,0.026,0.010,0.000,5.093,0.458,4.635,2.871,0.107,"< 0,001",0.041,0.139,0.394,0.232,0.040,0.069,0.007,2.349,0.005,0.098,6.816,,
5/31/2014,14:30,,1,-2.1506,-55.7142,PC,27,HW,III,NaN,0.20,6.6,30.1,40.0,3.5,47.1,7.0,1.0,15.55,NaN,10.29,0.161,0.157,0.034,0.013,0.000,5.166,1.981,3.185,2.854,0.140,0.029,0.065,0.147,0.442,0.314,0.049,0.342,0.007,1.592,0.252,0.759,2.636,,
5/31/2014,11:05,,1,-2.1525,-55.6762,PC,28,HW,III,NaN,0.20,6.6,29.7,40.0,3.7,48.6,8.0,0.7,14.60,NaN,9.14,0.147,0.143,0.030,0.011,0.000,5.884,1.679,4.206,2.871,0.077,"< 0,001",0.027,0.051,0.316,0.257,0.033,0.066,"< 0,001",1.256,0.195,0.606,2.908,,
5/31/2014,12:15,,1,-2.1315,-55.6575,PC,29,HW,III,NaN,0.20,6.7,29.5,41.0,4.4,57.5,25.0,0.7,15.55,NaN,25.14,0.185,0.180,0.036,0.012,0.000,5.676,1.730,3.946,3.036,0.069,"< 0,001",0.028,0.084,0.314,0.260,0.015,0.046,"< 0,001",0.737,0.161,0.315,"< 0,001",,
5/31/2014,10:00,,1,-2.1784,-55.6332,PD,36,HW,III,NaN,0.20,6.7,29.6,39.0,4.3,56.2,11.6,0.7,13.79,NaN,12.86,0.163,0.158,0.032,0.010,0.000,5.127,1.483,3.644,2.923,0.048,"< 0,001",0.035,0.043,0.396,0.247,0.032,0.076,"< 0,001",1.872,0.908,1.733,"< 0,001",,
6/1/2014,14:00,,1,-2.1572,-55.8052,SL,30,HW,III,NaN,0.20,6.6,29.9,40.0,3.5,46.8,14.1,0.7,NaN,NaN,13.71,0.193,0.187,0.039,0.014,0.001,4.374,0.225,4.149,2.793,0.050,"< 0,001",0.011,0.039,0.277,0.208,0.010,0.043,"< 0,001",15.479,1.953,4.057,65.526,,
6/1/2014,11:00,,1,-2.2200,-55.8084,SL,31,HW,III,NaN,0.20,6.5,30.3,34.0,3.0,39.9,< LD,1.5,NaN,NaN,4.17,0.176,0.171,0.035,0.011,0.000,4.799,1.314,3.485,2.880,0.053,"< 0,001",0.007,0.093,0.292,0.231,0.011,0.037,"< 0,001",5.376,0.767,"< 0,001",14.359,,
6/1/2014,10:30,,1,-2.2016,-55.7928,SL,32,HW,III,NaN,0.20,6.6,22.4,37.0,4.2,55.6,4.2,1.2,NaN,NaN,4.00,0.173,0.169,0.037,0.014,0.000,5.906,1.866,4.040,2.758,0.067,"< 0,001",0.013,0.110,0.425,0.253,0.053,0.019,"< 0,001",2.661,0.283,0.831,7.998,,
6/1/2014,13:00,,1,-2.1774,-55.8063,SL,33,HW,III,NaN,0.20,6.6,29.7,39.0,2.9,39.2,12.0,0.6,NaN,NaN,11.56,0.178,0.170,0.038,0.015,0.001,5.908,1.799,4.110,2.497,0.065,"< 0,001",0.019,0.046,0.298,0.234,0.036,0.057,"< 0,001",1.876,"< 0,001",0.241,5.635,,
6/1/2014,15:24,,1,-2.1625,-55.7650,SL,34,HW,III,NaN,0.20,6.5,27.3,39.0,2.9,38.5,12.6,0.7,NaN,NaN,9.43,0.166,0.161,0.031,0.010,0.000,3.894,0.339,4.364,2.758,0.081,"< 0,001",0.009,0.071,0.368,0.232,0.048,0.053,"< 0,001",1.062,0.088,0.286,"< 0,001",,
6/1/2014,13:00,,1,-2.1425,-55.8994,SL,35,HW,III,NaN,0.20,NaN,NaN,NaN,NaN,NaN,NaN,NaN,NaN,NaN,14.00,0.120,0.117,0.024,0.007,0.000,5.693,2.544,3.150,2.619,0.108,"< 0,001",0.028,0.163,0.249,0.164,0.060,0.021,"< 0,001",1.678,1.418,3.241,0.182,,
6/1/2014,13:00,,2,-2.1774,-55.8063,SL,33,HW,III,NaN,1.80,6.5,29.3,39.0,2.4,31.7,14.3,0.5,NaN,NaN,8.44,0.175,0.172,0.037,0.013,0.000,5.243,1.100,4.143,2.871,0.058,"< 0,001",0.016,0.086,0.249,0.206,0.024,0.066,"< 0,001",0.455,0.009,0.087,"< 0,001",,
6/1/2014,13:00,,3,-2.1774,-55.8063,SL,33,HW,III,NaN,7.00,6.5,29.2,39.0,2.4,31.5,16.3,0.5,NaN,NaN,16.29,0.174,0.169,0.037,0.014,0.001,3.816,0.449,3.367,2.761,0.044,"< 0,001",0.010,0.071,0.288,0.187,0.045,0.043,"< 0,001",1.164,0.191,0.684,1.363,,
6/2/2014,9:20,,2,-2.1738,-55.5981,PD,21,HW,III,NaN,1.80,6.6,29.2,41.0,4.0,51.9,24.2,0.7,NaN,NaN,13.14,0.112,0.111,0.028,0.011,0.001,4.146,2.170,2.765,2.020,0.054,"< 0,001",0.027,0.061,0.307,0.227,0.011,0.034,0.009,0.847,"< 0,001",0.204,"< 0,001",,
6/2/2014,9:20,,3,-2.1738,-55.5981,PD,21,HW,III,NaN,7.00,6.6,29.1,41.0,3.8,49.3,24.5,0.6,NaN,NaN,13.14,0.149,0.145,0.039,0.021,0.008,2.249,"< 0,001",2.671,2.250,0.053,"< 0,001",0.037,0.064,0.330,0.260,0.048,0.049,0.013,3.572,"< 0,001","< 0,001","< 0,001",,
6/2/2014,10:20,,1,-2.1511,-55.5658,PC,20,HW,III,NaN,0.20,6.6,29.3,40.0,3.3,43.7,11.1,0.7,NaN,NaN,25.71,0.190,0.158,0.055,0.034,0.012,5.279,2.047,3.937,2.120,0.082,0.005,0.019,0.099,0.417,0.337,0.037,0.120,0.004,2.401,0.424,0.672,"< 0,001",,
6/2/2014,9:20,,1,-2.1738,-55.5981,PD,21,HW,III,NaN,0.20,6.7,29.3,41.0,4.2,54.9,23.9,0.9,NaN,NaN,11.71,0.147,0.145,0.042,0.022,0.007,5.007,1.240,3.767,2.140,0.059,"< 0,001",0.010,0.052,0.326,0.241,0.024,0.049,0.006,3.600,"< 0,001",0.173,15.541,,
6/2/2014,12:37,,1,-2.1159,-55.4471,GP,47,HW,III,NaN,0.20,6.7,31.7,42.0,4.0,53.9,10.6,1.6,NaN,NaN,11.43,0.215,0.211,0.051,0.020,0.001,5.312,2.128,3.184,2.210,0.104,"< 0,001",0.018,0.087,0.346,0.296,0.053,0.014,0.004,3.445,1.600,3.174,"< 0,001",,
6/2/2014,12:00,,1,-2.0458,-55.4319,SN,48,HW,III,NaN,0.20,NaN,NaN,NaN,NaN,NaN,NaN,NaN,NaN,NaN,57.43,0.130,0.126,0.028,0.011,0.001,2.888,0.394,2.867,2.610,0.050,"< 0,001",0.011,0.039,0.314,0.245,0.007,0.066,0.010,5.056,5.097,10.096,23.993,,
6/3/2014,12:30,,1,-2.2058,-55.3472,LG,5,HW,III,NaN,0.20,6.9,29.8,41.0,5.6,74.0,19.2,0.9,NaN,NaN,18.11,0.128,0.102,0.029,0.012,0.001,5.263,1.813,3.450,1.820,0.051,0.009,0.051,0.038,0.389,0.284,0.204,0.081,0.004,4.191,0.569,0.846,11.906,,
6/3/2014,14:50,,1,-2.3071,-55.3733,LG,37,HW,III,NaN,0.20,6.8,27.9,37.0,5.6,74.9,2.1,1.6,NaN,NaN,NaN,0.166,0.160,0.032,0.012,0.001,3.695,0.442,4.311,2.949,0.034,"< 0,001",0.009,0.025,0.475,0.366,0.019,0.121,0.009,12.915,2.977,5.791,43.532,,
6/3/2014,13:40,,1,-2.2552,-55.3767,LG,38,HW,III,NaN,0.20,6.9,30.3,40.0,5.5,73.1,14.1,1.2,NaN,NaN,14.46,0.161,0.156,0.040,0.017,0.001,3.841,0.791,3.050,2.941,0.057,"< 0,001",0.022,0.035,0.380,0.236,0.032,0.113,"< 0,001",4.091,0.172,0.279,6.089,,
6/3/2014,11:10,,1,-2.1733,-55.3729,GP,39,HW,III,NaN,0.20,6.7,29.5,41.0,4.5,59.2,18.3,0.8,NaN,NaN,17.66,0.176,0.171,0.040,0.018,0.005,5.196,1.516,3.681,3.028,0.039,0.035,0.019,0.005,0.299,0.246,0.018,0.080,0.022,0.658,0.016,0.208,1.818,,
6/3/2014,10:10,,1,-2.1351,-55.3706,GP,40,HW,III,NaN,0.20,6.6,29.1,43.0,3.6,47.0,18.7,0.5,NaN,NaN,26.74,0.189,0.184,0.051,0.028,0.010,5.144,1.811,3.333,3.028,0.036,"< 0,001",0.028,0.031,0.288,0.214,0.092,0.071,0.006,0.907,0.065,0.110,"< 0,001",,
6/3/2014,9:20,,1,-2.1137,-55.3706,GP,41,HW,III,NaN,0.20,6.6,28.7,43.0,3.3,42.9,22.0,0.5,NaN,NaN,31.14,0.198,0.191,0.043,0.017,0.002,4.035,1.659,2.376,3.141,0.076,"< 0,001",0.028,0.049,0.334,0.273,0.052,0.074,"< 0,001",2.662,0.095,0.058,"< 0,001",,
6/3/2014,13:40,,2,-2.2552,-55.3767,LG,38,HW,III,NaN,2.20,6.8,30.0,40.0,5.1,68.0,14.0,1.0,NaN,NaN,13.60,0.177,0.166,0.032,0.011,0.000,2.968,0.010,3.510,2.880,0.041,"< 0,001",0.018,0.023,0.328,0.254,0.010,0.134,0.006,4.108,0.455,0.822,"< 0,001",,
6/3/2014,13:40,,3,-2.2552,-55.3767,LG,38,HW,III,NaN,7.00,6.7,29.7,40.0,4.5,59.3,17.7,0.7,NaN,NaN,16.23,0.166,0.161,0.032,0.010,0.000,5.194,1.804,3.390,2.845,0.045,"< 0,001",0.015,0.030,0.320,0.280,0.018,0.105,0.010,1.941,0.184,0.581,19.903,,
6/3/2014,13:00,,1,-1.9904,-55.5237,LG,50,HW,III,NaN,0.20,NaN,NaN,NaN,NaN,NaN,NaN,NaN,NaN,NaN,NaN,0.147,0.112,0.032,0.014,0.003,5.166,1.981,3.185,2.610,0.067,"< 0,001",0.013,0.110,0.277,0.208,0.010,0.043,0.006,1.941,0.184,0.581,19.903,,
6/3/2014,10:10,,2,-2.1351,-55.3706,GP,40,HW,III,NaN,1.80,6.6,29.0,43.0,3.4,44.5,16.9,0.6,NaN,NaN,14.94,0.162,0.159,0.037,0.015,0.001,5.085,1.484,3.601,2.775,0.044,0.025,0.002,0.030,0.295,0.248,0.014,0.069,0.007,10.489,0.828,1.096,19.176,,
6/3/2014,10:10,,3,-2.1351,-55.3706,GP,40,HW,III,NaN,7.00,6.6,28.9,43.0,3.0,39.1,19.5,0.6,NaN,NaN,19.34,0.164,0.161,0.040,0.017,0.002,2.907,0.473,3.232,3.071,0.045,"< 0,001",0.002,0.043,0.339,0.259,0.009,0.096,0.008,8.249,0.537,1.355,25.265,,
6/4/2014,11:45,,2,-2.2217,-55.2702,LG,4,HW,III,NaN,1.60,6.8,29.7,41.0,5.2,68.4,16.7,0.8,NaN,NaN,16.17,0.161,0.136,0.036,0.016,0.002,4.976,0.543,4.713,2.360,0.093,0.026,0.047,0.101,0.514,0.411,0.202,0.116,0.005,1.628,"< 0,001",0.191,"< 0,001",,
6/4/2014,11:45,,3,-2.2217,-55.2702,LG,4,HW,III,NaN,7.00,6.8,29.6,41.0,5.0,66.2,17.0,0.8,NaN,NaN,17.23,0.122,0.129,0.047,0.025,0.004,5.871,2.532,3.339,2.020,0.068,"< 0,001",0.043,0.047,0.435,0.313,0.167,0.078,0.004,3.719,0.717,1.173,"< 0,001",,
6/4/2014,13:00,,1,-2.2454,-55.2407,LG,2,HW,III,NaN,0.20,6.9,30.7,37.0,5.8,77.9,3.6,1.2,NaN,NaN,6.00,0.134,0.099,0.039,0.022,0.009,4.847,2.261,2.586,1.960,0.058,0.027,0.024,0.034,0.342,0.188,0.030,0.113,0.069,2.259,1.617,1.056,2.636,,
6/4/2014,11:45,,1,-2.2217,-55.2702,LG,4,HW,III,NaN,0.20,6.9,29.8,41.0,5.4,70.7,16.4,0.9,NaN,NaN,15.49,0.148,0.126,0.036,0.018,0.003,6.213,1.909,4.304,1.330,0.069,0.021,0.039,0.058,0.492,0.407,0.125,0.093,0.275,3.564,0.170,0.447,12.814,,
6/4/2014,16:15,,1,-2.1660,-55.2332,LG,42,HW,III,NaN,0.20,6.6,30.1,43.0,4.4,58.5,20.2,0.6,NaN,NaN,19.69,0.189,0.184,0.040,0.015,0.001,3.470,0.806,4.027,2.993,0.038,"< 0,001",0.003,0.037,0.293,0.272,0.016,0.088,0.008,6.097,0.167,0.537,"< 0,001",,
6/4/2014,15:00,,1,-2.2035,-55.2361,LG,43,HW,III,NaN,0.20,7.0,30.8,41.0,6.7,89.5,17.6,2.7,NaN,NaN,17.34,0.173,0.169,0.035,0.012,0.000,5.911,1.686,4.225,3.141,0.044,"< 0,001",0.003,0.041,0.361,0.292,0.017,0.114,"< 0,001",17.038,1.083,1.362,60.709,,
6/4/2014,15:00,,2,-2.2035,-55.2361,LG,43,HW,III,NaN,1.40,6.9,29.9,41.0,5.3,69.4,17.1,0.8,NaN,NaN,16.49,0.208,0.203,0.062,0.036,0.015,5.410,2.564,4.161,3.219,0.034,"< 0,001",0.004,0.030,0.319,0.268,0.014,0.075,"< 0,001",1.567,0.358,0.257,4.635,,
6/4/2014,15:00,,3,-2.2035,-55.2361,LG,43,HW,III,NaN,7.00,6.7,29.3,41.0,4.8,62.1,24.8,0.8,NaN,NaN,21.43,0.119,0.117,0.025,0.010,0.000,5.846,3.325,2.521,3.045,0.058,"< 0,001",0.015,0.043,0.342,0.336,0.036,0.057,0.012,2.401,0.424,0.672,"< 0,001",,
6/4/2014,13:45,,1,-2.2790,-55.2247,LG,49,HW,III,NaN,0.20,6.9,31.3,36.0,6.5,88.4,3.2,3.1,NaN,NaN,2.33,0.135,0.132,0.036,0.020,0.008,5.093,0.458,4.635,2.532,0.053,"< 0,001",0.007,0.093,0.295,0.248,0.014,0.069,0.022,4.164,0.616,0.883,8.452,,
6/5/2014,15:20,,2,-2.2509,-55.1453,LG,1,HW,III,NaN,2.00,6.8,30.0,40.0,5.4,71.2,13.7,0.8,NaN,NaN,13.03,0.147,0.112,0.032,0.014,0.003,3.540,0.310,3.665,1.940,0.041,"< 0,001",0.024,0.024,0.372,0.269,0.084,0.129,0.035,4.902,4.801,9.555,6.634,,
6/5/2014,15:20,,3,-2.2509,-55.1453,LG,1,HW,III,NaN,6.00,6.8,29.9,40.0,5.3,69.8,18.1,0.9,NaN,NaN,23.43,0.157,0.123,0.035,0.015,0.003,4.664,2.070,3.385,2.220,0.050,0.018,0.017,0.027,0.338,0.298,0.044,0.123,0.004,4.144,"< 0,001","< 0,001",6.725,,
6/5/2014,15:20,,1,-2.2509,-55.1453,LG,1,HW,III,NaN,0.20,6.9,30.3,40.0,5.7,76.0,11.3,1.0,NaN,NaN,11.83,0.180,0.144,0.044,0.021,0.007,5.187,1.978,4.008,2.090,0.061,"< 0,001",0.055,0.019,0.387,0.292,0.020,0.105,0.010,3.070,0.147,"< 0,001",3.544,,
6/5/2014,12:30,,1,-2.1970,-55.2995,LG,3,HW,III,NaN,0.20,6.8,29.8,42.0,4.6,60.6,10.1,0.8,NaN,NaN,9.89,0.157,0.126,0.034,0.014,0.001,5.063,1.278,3.785,2.190,0.062,0.004,0.048,0.053,0.390,0.308,0.069,0.165,0.225,2.318,0.074,0.316,3.908,,
6/5/2014,8:40,,1,-2.2390,-55.3392,LG,6,HW,III,NaN,0.20,7.0,29.5,41.0,5.6,73.9,19.6,0.8,NaN,NaN,18.60,0.187,0.165,0.070,0.049,0.021,5.640,1.722,3.918,2.290,0.061,"< 0,001",0.043,0.042,0.528,0.451,0.163,0.073,0.009,1.664,0.257,0.406,"< 0,001",,
6/5/2014,14:10,,1,-2.2230,-55.1990,LG,44,HW,III,NaN,0.20,6.9,30.0,41.0,6.0,79.3,16.2,0.9,NaN,NaN,14.46,0.165,0.160,0.034,0.012,0.000,5.390,3.220,3.878,3.010,0.039,"< 0,001",0.003,0.038,0.285,0.264,0.038,0.099,0.023,3.600,"< 0,001",0.173,15.541,,
6/5/2014,17:00,,1,-2.2428,-55.0661,LG,45,HW,III,NaN,0.20,NaN,NaN,NaN,NaN,NaN,NaN,NaN,NaN,NaN,15.73,0.173,0.170,0.042,0.017,0.001,3.198,0.032,3.948,2.340,0.054,"< 0,001",0.010,0.044,0.294,0.276,0.078,0.046,"< 0,001",0.847,"< 0,001",0.204,"< 0,001",,
6/5/2014,17:00,,1,-2.1804,-55.0164,AM,46,HW,III,NaN,0.20,NaN,NaN,NaN,NaN,NaN,NaN,NaN,NaN,NaN,18.06,0.181,0.176,0.037,0.014,0.000,3.442,0.216,4.310,3.219,0.052,"< 0,001",0.013,0.039,0.417,0.331,0.019,0.061,0.005,3.572,"< 0,001","< 0,001",28.446,,
11/26/2014,12:00,,1,-2.1715,-55.8060,SL,30,LW,IV,0.80,0.20,NaN,33.4,NaN,NaN,NaN,NaN,NaN,9.76,0.20,251.33,0.191,0.187,0.068,0.046,0.025,3.147,0.427,2.720,3.950,0.034,0.011,0.140,"< 0,0001",0.390,0.350,0.057,0.068,0.009,7.043,1.660,1.470,"< 0,01",,
11/26/2014,12:30,,1,-2.2160,-55.8087,SL,31,LW,IV,0.80,0.20,6.9,32.9,23.0,6.8,94.5,319.6,3.1,9.76,0.20,268.67,0.146,0.142,0.036,0.019,0.006,3.399,0.246,3.153,4.660,0.042,0.307,0.135,"< 0,0001",0.458,0.318,0.208,0.216,0.008,13.177,1.329,1.060,27.719,,
11/26/2014,12:20,,1,-2.1780,-55.8076,SL,33,LW,IV,1.20,0.20,7.1,31.1,37.0,6.1,82.7,252.3,1.2,9.76,0.20,226.67,0.141,0.137,0.035,0.018,0.006,2.759,0.188,2.571,3.180,0.047,0.025,0.148,"< 0,0001",0.313,0.278,0.007,0.213,0.007,5.461,1.382,1.961,5.453,,
11/26/2014,13:00,,1,-2.1739,-55.7625,SL,34,LW,IV,0.80,0.20,8.2,32.0,43.0,7.9,108.1,183.1,2.5,10.07,0.25,258.67,0.180,0.176,0.064,0.044,0.023,2.755,0.152,2.603,3.420,0.034,0.004,0.205,"< 0,0001",0.334,0.300,0.077,0.287,0.006,8.405,1.036,1.278,"< 0,01",,
11/27/2014,11:25,,1,-2.1424,-55.6257,PC,22,LW,IV,1.06,0.20,8.2,30.9,51.2,7.7,104.2,146.7,3.0,12.51,0.25,124.67,0.178,0.174,0.042,0.022,0.008,4.004,0.533,3.471,3.650,0.033,"< 0,0001",0.098,"< 0,0001",0.463,0.336,0.231,0.141,0.006,17.354,3.754,3.497,27.265,,
11/27/2014,10:30,,1,-2.0933,-55.6216,PC,23,LW,IV,1.03,0.20,8.2,32.0,43.0,7.9,108.1,183.1,2.5,18.91,0.23,194.00,0.207,0.202,0.055,0.033,0.014,3.809,0.256,3.553,2.770,0.022,0.015,0.064,"< 0,0001",0.416,0.317,0.155,0.048,0.007,15.559,1.330,2.299,27.492,,
11/27/2014,11:05,,1,-2.1125,-55.6214,PC,24,LW,IV,1.05,0.20,7.9,30.7,52.0,7.5,100.4,221.4,2.9,18.91,0.25,187.33,0.175,0.170,0.038,0.019,0.006,3.853,0.465,3.388,3.300,0.045,0.000,0.102,"< 0,0001",0.425,0.300,0.183,0.043,0.005,11.094,0.888,1.656,"< 0,01",,
11/27/2014,12:35,,1,-2.2027,-55.6251,PD,25,LW,IV,0.45,0.20,NaN,33.4,NaN,NaN,NaN,NaN,NaN,12.81,0.18,132.67,0.170,0.166,0.049,0.030,0.013,3.524,0.539,2.985,3.780,0.056,0.011,0.088,"< 0,0001",0.358,0.319,0.212,0.025,0.013,20.432,3.143,2.873,66.117,,
11/27/2014,12:00,,1,-2.2176,-55.6312,PD,36,LW,IV,1.40,0.20,NaN,31.2,NaN,NaN,NaN,NaN,NaN,10.07,0.37,196.67,0.164,0.159,0.042,0.024,0.009,3.160,0.191,2.969,3.590,0.035,0.010,0.217,"< 0,0001",0.347,0.318,0.214,0.099,0.007,8.335,2.465,2.746,644.353,,
11/28/2014,11:50,,1,-2.2514,-55.5446,PQ,7,LW,IV,1.40,0.20,8.3,31.2,38.0,8.0,108.5,89.2,4.7,9.76,0.38,76.40,0.222,0.214,0.059,0.035,0.016,6.242,1.416,4.826,3.550,0.052,0.018,0.102,"< 0,0001",0.645,0.581,0.235,0.085,0.005,43.522,3.713,5.306,19.767,,
11/28/2014,12:10,,1,-2.2403,-55.5829,PQ,8,LW,IV,1.40,0.20,8.2,31.7,31.0,8.2,112.2,145.5,5.3,9.76,0.22,148.50,0.190,0.184,0.041,0.019,0.005,5.811,0.692,5.119,4.800,0.041,"< 0,0001",0.084,"< 0,0001",0.705,0.522,0.382,0.083,0.005,47.026,2.926,3.558,"< 0,01",,
11/28/2014,12:40,,1,-2.2596,-55.6239,PQ,9,LW,IV,2.30,0.20,8.6,31.9,25.0,8.9,121.5,76.2,3.1,9.76,0.38,65.20,0.198,0.192,0.056,0.033,0.014,5.584,1.099,4.485,4.820,0.043,"< 0,0001",0.065,"< 0,0001",0.602,0.534,0.309,0.085,0.004,69.802,6.059,6.161,147.229,,
11/28/2014,13:00,,1,-2.2710,-55.5254,PQ,10,LW,IV,1.00,0.20,6.3,31.4,17.0,6.2,84.0,259.0,3.4,9.76,0.16,182.00,0.169,0.165,0.045,0.026,0.010,4.761,0.798,3.963,4.800,0.025,0.009,0.101,"< 0,0001",0.512,0.426,0.398,0.027,0.004,58.251,2.027,5.860,149.501,,
11/28/2014,11:15,,1,-2.2304,-55.4552,PQ,11,LW,IV,1.40,0.20,8.6,31.4,39.0,8.5,114.7,57.4,3.1,9.76,0.37,57.60,0.353,0.346,0.162,0.127,0.064,6.196,1.295,4.901,3.120,0.037,"< 0,0001",0.068,"< 0,0001",0.756,0.732,0.297,0.031,0.009,32.227,3.731,5.126,"< 0,01",,
11/28/2014,10:45,,1,-2.2510,-55.4940,PQ,12,LW,IV,1.00,0.20,9.1,30.6,42.7,9.3,125.3,36.6,3.5,9.76,0.38,37.60,0.336,0.329,0.140,0.106,0.055,7.038,1.051,5.987,3.600,0.043,0.025,0.076,"< 0,0001",0.126,0.107,0.450,0.023,0.004,48.910,3.433,4.996,143.139,,
11/30/2014,12:00,,1,-2.2384,-55.3393,LG,6,LW,IV,2.00,0.20,7.7,31.1,47.0,7.6,102.9,230.7,2.6,11.29,0.20,182.00,0.142,0.138,0.032,0.017,0.007,3.075,0.114,2.961,2.730,0.008,0.004,0.073,"< 0,0001",0.417,0.340,0.198,0.200,0.005,10.811,1.641,1.338,12.723,,
11/30/2014,14:00,,1,-2.2625,-55.4560,PQ,13,LW,IV,1.60,0.20,7.6,31.8,52.0,7.4,101.4,191.1,2.2,18.91,0.20,159.33,0.276,0.274,0.135,0.109,0.066,3.586,0.373,3.213,3.550,0.035,"< 0,0001",0.078,"< 0,0001",0.400,0.307,0.140,0.024,0.005,17.593,1.773,1.014,"< 0,01",,
11/30/2014,13:14,,1,-2.3068,-55.3732,LG,37,LW,IV,1.30,0.20,7.5,31.4,39.0,7.8,105.9,146.0,3.5,10.07,0.20,130.67,0.142,0.138,0.036,0.021,0.009,3.620,0.533,3.087,3.170,0.039,0.033,0.079,"< 0,0001",0.493,0.293,0.200,0.066,0.005,14.107,1.893,0.783,"< 0,01",,
11/30/2014,12:30,,1,-2.2548,-55.3769,LG,38,LW,IV,1.80,0.20,7.7,31.1,48.0,7.6,101.8,248.9,2.8,11.59,0.20,216.67,0.159,0.156,0.048,0.034,0.018,3.080,0.339,2.741,2.710,0.031,0.213,0.086,"< 0,0001",0.381,0.299,0.110,"< 0,0001",0.005,11.154,0.901,1.279,38.852,,
11/30/2014,11:25,,1,-2.1642,-55.3728,GP,39,LW,IV,1.15,0.20,8.4,31.0,50.0,8.3,111.2,148.7,3.0,18.91,0.20,130.00,0.149,0.145,0.040,0.025,0.012,3.140,0.368,2.772,2.510,0.075,0.154,0.046,"< 0,0001",0.386,0.320,0.056,0.016,0.004,12.093,1.948,1.870,24.993,,
12/1/2014,13:40,,1,-2.1676,-55.4946,GP,14,LW,IV,0.80,0.20,9.4,32.2,61.0,11.0,150.8,50.3,2.8,18.91,0.25,43.00,0.196,0.192,0.053,0.033,0.015,5.387,0.988,4.399,3.070,0.052,"< 0,0001",0.071,"< 0,0001",0.737,0.446,0.189,0.020,0.004,34.798,7.238,10.824,36.807,,
12/1/2014,12:30,,1,-2.1354,-55.4738,GP,15,LW,IV,0.70,0.20,8.6,32.1,58.0,8.3,113.9,114.7,2.0,18.91,0.20,96.67,0.213,0.208,0.070,0.048,0.023,4.309,0.439,3.870,3.331,0.080,0.007,0.078,"< 0,0001",0.535,0.391,0.162,0.019,0.005,19.511,4.991,"< 0,01",89.519,,
12/1/2014,11:10,,1,-2.0698,-55.4867,SN,16,LW,IV,1.60,0.20,7.5,30.9,54.0,7.3,97.5,247.8,2.6,19.90,0.15,217.33,0.220,0.214,0.070,0.045,0.021,3.898,0.450,3.448,4.090,0.038,"< 0,0001",0.097,"< 0,0001",0.555,0.409,0.277,0.020,0.005,14.938,1.221,2.421,26.356,,
12/1/2014,10:35,,1,-2.0456,-55.4858,SN,17,LW,IV,0.60,0.20,7.2,31.2,49.0,7.2,96.9,697.3,2.0,10.68,0.10,424.67,0.196,0.191,0.054,0.032,0.014,3.563,0.071,3.492,5.270,0.119,0.025,0.268,"< 0,0001",0.574,0.527,0.238,0.057,0.008,8.435,4.658,8.912,2.045,,
12/1/2014,11:43,,1,-2.0958,-55.4888,SN,19,LW,IV,1.30,0.20,7.6,31.4,56.0,7.3,98.4,255.7,2.6,18.91,0.15,204.00,0.286,0.281,0.118,0.088,0.047,4.018,0.340,3.678,4.270,0.096,0.059,0.176,"< 0,0001",0.544,0.351,0.320,0.381,0.006,11.423,1.815,1.547,6.135,,
12/1/2014,14:30,,1,-2.1356,-55.3705,GP,40,LW,IV,2.40,0.20,8.7,32.3,59.8,8.5,116.9,87.4,1.8,18.91,0.20,63.50,0.262,0.256,0.111,0.086,0.051,3.877,0.690,3.187,2.700,0.105,"< 0,0001",0.123,"< 0,0001",0.502,0.341,0.207,0.023,0.004,7.760,0.653,0.456,"< 0,01",,
12/2/2014,10:45,,1,-2.2495,-55.2408,LG,2,LW,IV,1.90,0.20,7.5,31.1,38.0,7.6,103.0,86.9,3.4,9.76,0.15,76.80,0.135,0.131,0.033,0.018,0.007,3.701,0.553,3.148,2.940,0.061,"< 0,0001",0.039,0.020,0.482,0.330,0.136,0.158,0.005,15.038,2.151,2.383,13.178,,
12/2/2014,12:35,,1,-2.1993,-55.2986,LG,3,LW,IV,0.80,0.20,8.7,31.8,53.0,8.1,111.0,61.0,1.3,15.13,0.20,50.40,0.169,0.165,0.042,0.021,0.008,3.187,0.368,2.819,2.840,0.033,"< 0,0001",0.013,0.020,0.270,0.249,0.077,0.117,0.004,5.469,0.741,0.680,5.226,,
12/2/2014,12:05,,1,-2.2215,-55.2702,LG,4,LW,IV,2.20,0.20,8.2,30.8,49.0,7.9,106.5,75.1,2.8,18.91,0.15,66.40,0.202,0.199,0.080,0.059,0.035,3.167,0.428,2.739,2.590,0.033,"< 0,0001",0.026,0.010,0.281,0.249,0.065,0.093,0.004,6.668,1.377,1.228,6.135,,
12/2/2014,11:40,,1,-2.1675,-55.2334,LG,42,LW,IV,0.80,0.20,9.3,31.9,60.0,8.8,120.2,57.7,2.5,18.91,0.20,54.40,0.172,0.167,0.043,0.024,0.010,4.153,0.574,3.579,3.120,0.010,"< 0,0001",0.097,"< 0,0001",0.630,0.394,0.051,0.047,0.004,16.873,2.673,3.009,50.894,,
12/2/2014,11:13,,1,-2.2039,-55.2361,LG,43,LW,IV,2.10,0.20,8.0,30.5,50.3,7.8,104.3,44.5,2.4,11.59,0.20,35.20,0.236,0.233,0.101,0.075,0.046,3.055,0.320,2.735,2.760,0.015,0.005,0.022,"< 0,0001",0.289,0.220,0.032,0.116,0.004,6.500,1.407,0.801,"< 0,01",,
12/2/2014,10:10,,1,-2.2789,-55.2250,LG,49,LW,IV,2.50,0.20,5.8,31.6,10.0,5.3,71.9,18.9,2.5,9.76,0.50,15.20,0.107,0.106,0.047,0.037,0.023,2.561,0.383,2.178,2.340,0.051,0.012,0.497,"< 0,0001",0.369,0.314,0.002,"< 0,0001",0.005,8.365,1.150,3.946,52.257,,
12/3/2014,11:40,,1,-2.2509,-55.1453,LG,1,LW,IV,1.20,0.20,7.3,31.4,54.0,7.1,96.5,45.0,0.7,12.20,0.48,36.40,0.193,0.188,0.063,0.040,0.024,3.205,0.410,2.795,2.890,0.012,"< 0,0001",0.003,0.010,0.395,0.305,0.002,0.132,0.011,1.274,0.413,0.493,"< 0,01",,
12/3/2014,12:15,,1,-2.2230,-55.1990,LG,44,LW,IV,1.80,0.20,8.0,30.9,49.0,7.9,105.6,59.6,2.5,11.29,0.40,57.20,0.194,0.191,0.073,0.051,0.031,3.283,0.559,2.724,2.730,0.021,"< 0,0001","< 0,0001",0.020,0.273,0.216,0.003,0.033,0.004,14.922,7.441,11.417,59.301,,
12/3/2014,11:10,,1,-2.2428,-55.0661,LG,45,LW,IV,7.70,0.20,6.9,30.2,54.0,6.2,82.0,59.2,0.0,11.90,0.40,55.20,0.169,0.165,0.044,0.021,0.007,2.558,0.072,2.486,3.030,0.036,"< 0,0001",0.048,"< 0,0001",0.331,0.287,0.001,0.032,0.009,1.544,2.425,3.155,2.499,,
12/3/2014,10:20,,1,-2.1804,-55.0164,AM,46,LW,IV,4.80,0.20,6.9,29.9,55.0,6.1,80.9,63.8,0.0,11.29,0.55,64.80,0.190,0.186,0.062,0.038,0.021,2.523,0.212,2.311,3.010,0.014,"< 0,0001",0.093,"< 0,0001",0.317,0.306,0.105,0.019,0.009,1.681,0.301,0.642,"< 0,01",,
5/5/2015,NaN,,1,-2.2428,-55.0661,LG,45,HW,V,NaN,0.20,7.25,NaN,48.200,NaN,NaN,NaN,NaN,NaN,NaN,19.85,NaN,NaN,NaN,NaN,NaN,NaN,NaN,NaN,NaN,NaN,NaN,NaN,NaN,NaN,NaN,NaN,NaN,NaN,NaN,NaN,NaN,NaN,,
5/6/2015,10:30,,1,-2.3099,-55.3774,LG,37,HW,V,5.20,0.20,7.15,NaN,44.200,NaN,NaN,NaN,NaN,NaN,0.94,10.65,NaN,NaN,NaN,NaN,NaN,NaN,NaN,NaN,NaN,NaN,NaN,NaN,NaN,NaN,NaN,NaN,NaN,NaN,NaN,NaN,NaN,NaN,,
5/6/2015,12:00,,1,-2.2552,-55.3767,LG,38,HW,V,6.70,0.20,6.99,NaN,46.200,NaN,NaN,NaN,NaN,NaN,0.50,20.10,NaN,NaN,NaN,NaN,NaN,NaN,NaN,NaN,NaN,NaN,NaN,NaN,NaN,NaN,NaN,NaN,NaN,NaN,NaN,NaN,NaN,NaN,,
5/6/2015,13:20,,1,-2.1766,-55.3724,GP,39,HW,V,6.90,0.20,7.35,NaN,52.000,NaN,NaN,NaN,NaN,NaN,0.50,20.23,NaN,NaN,NaN,NaN,NaN,NaN,NaN,NaN,NaN,NaN,NaN,NaN,NaN,NaN,NaN,NaN,NaN,NaN,NaN,NaN,NaN,NaN,,
5/6/2015,14:45,,1,-2.1351,-55.3706,GP,40,HW,V,6.80,0.20,7.37,NaN,55.800,NaN,NaN,NaN,NaN,NaN,0.58,17.66,NaN,NaN,NaN,NaN,NaN,NaN,NaN,NaN,NaN,NaN,NaN,NaN,NaN,NaN,NaN,NaN,NaN,NaN,NaN,NaN,NaN,NaN,,
5/6/2015,15:30,,1,-2.1139,-55.3607,GP,41,HW,V,3.70,3.20,7.12,NaN,55.000,NaN,NaN,NaN,NaN,NaN,0.62,19.80,NaN,NaN,NaN,NaN,NaN,NaN,NaN,NaN,NaN,NaN,NaN,NaN,NaN,NaN,NaN,NaN,NaN,NaN,NaN,NaN,NaN,NaN,,
5/6/2015,NaN,,1,-2.1660,-55.2332,LG,42,HW,V,NaN,0.20,7.03,NaN,54.400,NaN,NaN,NaN,NaN,NaN,NaN,30.70,NaN,NaN,NaN,NaN,NaN,NaN,NaN,NaN,NaN,NaN,NaN,NaN,NaN,NaN,NaN,NaN,NaN,NaN,NaN,NaN,NaN,NaN,,
5/6/2015,11:00,,2,-2.3099,-55.3774,LG,37,HW,V,5.20,5.00,NaN,NaN,44.500,NaN,NaN,NaN,NaN,NaN,NaN,10.30,NaN,NaN,NaN,NaN,NaN,NaN,NaN,NaN,NaN,NaN,NaN,NaN,NaN,NaN,NaN,NaN,NaN,NaN,NaN,NaN,NaN,NaN,,
5/6/2015,12:00,,2,-2.2552,-55.3767,LG,38,HW,V,6.70,6.50,6.99,NaN,46.400,NaN,NaN,NaN,NaN,NaN,0.50,64.97,NaN,NaN,NaN,NaN,NaN,NaN,NaN,NaN,NaN,NaN,NaN,NaN,NaN,NaN,NaN,NaN,NaN,NaN,NaN,NaN,NaN,NaN,,
5/6/2015,13:20,,2,-2.1766,-55.3724,GP,39,HW,V,6.90,6.00,7.15,NaN,53.200,NaN,NaN,NaN,NaN,NaN,NaN,16.28,NaN,NaN,NaN,NaN,NaN,NaN,NaN,NaN,NaN,NaN,NaN,NaN,NaN,NaN,NaN,NaN,NaN,NaN,NaN,NaN,NaN,NaN,,
5/6/2015,14:45,,2,-2.1351,-55.3706,GP,40,HW,V,6.80,6.40,7.11,NaN,52.300,NaN,NaN,NaN,NaN,NaN,NaN,24.72,NaN,NaN,NaN,NaN,NaN,NaN,NaN,NaN,NaN,NaN,NaN,NaN,NaN,NaN,NaN,NaN,NaN,NaN,NaN,NaN,NaN,NaN,,
5/7/2015,15:30,,2,-2.2303,-55.4939,PQ,11,HW,V,7.00,6.50,7.19,28.8,47.300,5.5,71.5,25.8,1.0,NaN,NaN,23.68,NaN,NaN,NaN,NaN,NaN,NaN,NaN,NaN,NaN,NaN,NaN,NaN,NaN,NaN,NaN,NaN,NaN,NaN,NaN,NaN,NaN,NaN,,
5/7/2015,15:30,,1,-2.2303,-55.4939,PQ,11,HW,V,7.00,0.20,7.00,29.7,44.200,5.7,75.1,17.4,1.4,NaN,0.70,17.83,NaN,NaN,NaN,NaN,NaN,NaN,NaN,NaN,NaN,NaN,NaN,NaN,NaN,NaN,NaN,NaN,NaN,NaN,NaN,NaN,NaN,NaN,,
5/8/2015,14:30,,2,-2.1125,-55.6214,PC,24,HW,V,6.60,6.20,6.5,28.7,46.0,4.3,55.5,30.8,0.7,NaN,NaN,25.56,NaN,NaN,NaN,NaN,NaN,NaN,NaN,NaN,NaN,NaN,NaN,NaN,NaN,NaN,NaN,NaN,NaN,NaN,NaN,NaN,NaN,NaN,,
5/8/2015,17:00,,1,-2.2763,-55.6258,PQ,10,HW,V,NaN,0.20,6.80,NaN,42.000,NaN,NaN,NaN,NaN,NaN,NaN,9.72,NaN,NaN,NaN,NaN,NaN,NaN,NaN,NaN,NaN,NaN,NaN,NaN,NaN,NaN,NaN,NaN,NaN,NaN,NaN,NaN,NaN,NaN,,
5/8/2015,11:45,,1,-2.0737,-55.6218,PC,23,HW,V,4.20,0.20,6.59,29.0,49.600,3.0,39.6,6.7,0.9,NaN,1.20,NaN,NaN,NaN,NaN,NaN,NaN,NaN,NaN,NaN,NaN,NaN,NaN,NaN,NaN,NaN,NaN,NaN,NaN,NaN,NaN,NaN,NaN,NaN,,
5/8/2015,13:30,,1,-2.1125,-55.6214,PC,24,HW,V,6.60,0.20,6.6,30.5,47.0,5.1,68.2,14.1,2.0,NaN,0.62,16.24,NaN,NaN,NaN,NaN,NaN,NaN,NaN,NaN,NaN,NaN,NaN,NaN,NaN,NaN,NaN,NaN,NaN,NaN,NaN,NaN,NaN,NaN,,
5/8/2015,9:30,,1,-2.2078,-55.6236,PD,25,HW,V,3.20,0.20,6.90,28.6,48.000,5.3,69.0,19.8,0.8,NaN,0.60,18.64,NaN,NaN,NaN,NaN,NaN,NaN,NaN,NaN,NaN,NaN,NaN,NaN,NaN,NaN,NaN,NaN,NaN,NaN,NaN,NaN,NaN,NaN,,
5/9/2015,11:00,,2,-2.1774,-55.8063,SL,33,HW,V,NaN,6.30,6.59,28.8,47.400,3.0,39.0,24.5,0.5,NaN,NaN,23.22,NaN,NaN,NaN,NaN,NaN,NaN,NaN,NaN,NaN,NaN,NaN,NaN,NaN,NaN,NaN,NaN,NaN,NaN,NaN,NaN,NaN,NaN,,
5/9/2015,11:00,,1,-2.1774,-55.8063,SL,33,HW,V,6.70,0.20,6.69,29.8,47.500,3.4,45.1,20.7,0.6,NaN,0.67,22.88,NaN,NaN,NaN,NaN,NaN,NaN,NaN,NaN,NaN,NaN,NaN,NaN,NaN,NaN,NaN,NaN,NaN,NaN,NaN,NaN,NaN,NaN,,
5/10/2015,13:00,,2,-2.1506,-55.7142,PC,27,HW,V,NaN,6.00,6.4,28.8,44.0,3.8,49.2,18.0,0.6,NaN,NaN,19.69,NaN,NaN,NaN,NaN,NaN,NaN,NaN,NaN,NaN,NaN,NaN,NaN,NaN,NaN,NaN,NaN,NaN,NaN,NaN,NaN,NaN,NaN,,
5/10/2015,13:00,,1,-2.1506,-55.7142,PC,27,HW,V,6.60,0.20,6.4,30.8,43.0,4.5,60.6,15.8,1.1,NaN,0.60,15.22,NaN,NaN,NaN,NaN,NaN,NaN,NaN,NaN,NaN,NaN,NaN,NaN,NaN,NaN,NaN,NaN,NaN,NaN,NaN,NaN,NaN,NaN,,
5/11/2015,15:30,,1,-2.1333,-55.4888,GP,15,HW,V,6.40,0.20,6.5,29.9,50.000,5.9,78.2,22.3,1.3,NaN,0.60,18.56,NaN,NaN,NaN,NaN,NaN,NaN,NaN,NaN,NaN,NaN,NaN,NaN,NaN,NaN,NaN,NaN,NaN,NaN,NaN,NaN,NaN,NaN,,
5/12/2015,11:30,,1,-2.2842,-55.2202,LG,2,HW,V,6.80,0.20,6.98,29.7,44.600,5.7,75.1,13.2,1.0,NaN,0.84,11.86,NaN,NaN,NaN,NaN,NaN,NaN,NaN,NaN,NaN,NaN,NaN,NaN,NaN,NaN,NaN,NaN,NaN,NaN,NaN,NaN,NaN,NaN,,
5/12/2015,NaN,,1,-2.2035,-55.2361,LG,43,HW,V,NaN,0.20,7.16,NaN,50.500,NaN,NaN,NaN,NaN,NaN,NaN,19.22,NaN,NaN,NaN,NaN,NaN,NaN,NaN,NaN,NaN,NaN,NaN,NaN,NaN,NaN,NaN,NaN,NaN,NaN,NaN,NaN,NaN,NaN,,
5/12/2015,NaN,,1,-2.1804,-55.0164,AM,46,HW,V,NaN,0.20,NaN,NaN,NaN,NaN,NaN,NaN,NaN,NaN,NaN,36.36,NaN,NaN,NaN,NaN,NaN,NaN,NaN,NaN,NaN,NaN,NaN,NaN,NaN,NaN,NaN,NaN,NaN,NaN,NaN,NaN,NaN,NaN,,
4/12/2016,10:50,,1,-2.3071,-55.3733,LG,37,R,VI,3.00,0.20,6.75,30.4,69.900,3.4,46.0,32.9,1.0,26.94,0.57,29.43,0.107,0.053,0.016,0.005,0.002,8.395,2.893,5.502,2.900,0.060,"< 0,01",0.019,"< 0,01",0.237,0.175,"< 0,01",0.085,0.008,15.109,1.659,2.480,21.842,,
4/12/2016,12:19,,1,-2.2552,-55.3767,LG,38,R,VI,4.00,0.20,7.00,30.3,67.400,7.1,95.6,64.2,1.0,27.33,0.29,54.29,0.130,0.037,0.024,0.009,0.001,6.933,2.203,4.730,2.730,0.060,"< 0,01","< 0,001","< 0,01",0.243,0.169,"< 0,01",0.099,0.009,24.869,0.670,0.894,15.833,,
4/12/2016,14:00,,1,-2.1733,-55.3729,GP,39,R,VI,4.30,0.20,7.44,31.3,68.800,7.5,103.1,60.6,1.4,27.33,0.36,33.71,0.108,0.029,0.019,0.007,0.002,5.677,1.200,4.477,2.700,0.055,"< 0,01",0.006,"< 0,01",0.296,0.176,"< 0,01",0.075,0.008,46.583,0.455,5.448,64.391,,
4/12/2016,15:09,,1,-2.1351,-55.3706,GP,40,R,VI,4.50,0.20,7.30,31.0,71.800,6.5,87.2,63.0,0.7,27.52,0.36,54.00,0.106,0.026,0.015,0.008,0.002,6.040,1.752,4.288,2.780,0.056,"< 0,01",0.012,"< 0,01",0.239,0.170,"< 0,01",0.087,0.012,26.604,2.878,5.035,30.703,,
4/12/2016,16:00,,1,-2.1137,-55.3706,GP,41,R,VI,1.90,0.20,7.49,32.1,77.500,7.9,110.4,49.3,2.3,0.00,0.44,45.71,0.132,0.036,0.023,0.008,0.001,5.668,0.269,5.399,3.270,0.056,"< 0,01",0.010,"< 0,01",0.821,0.169,0.016,0.063,0.011,18.366,1.223,3.709,20.839,,
4/13/2016,14:15,,1,-2.2067,-55.6236,PD,25,R,VI,5.20,0.20,7.20,28.7,63.500,6.5,85.4,53.4,0.8,19.64,0.41,42.29,0.185,0.065,0.048,0.023,0.005,4.770,0.267,4.503,3.010,0.062,"< 0,01",0.018,"< 0,01",0.009,0.007,"< 0,01",0.036,0.007,82.683,17.671,15.878,99.883,,
4/13/2016,13:00,,1,-2.1784,-55.6332,PD,36,R,VI,4.40,0.20,7.38,28.7,68.400,7.0,92.4,43.6,0.7,23.23,0.51,50.00,0.177,0.060,0.044,0.022,0.006,4.547,0.434,4.113,2.690,0.052,"< 0,01",0.026,"< 0,01",0.206,0.175,"< 0,01",0.211,0.008,19.075,1.485,0.582,4.048,,
4/14/2016,9:02,,1,-2.1426,-55.6258,PC,22,R,VI,4.20,0.20,7.24,28.8,70.200,6.8,88.3,44.3,0.7,22.89,0.46,42.57,0.106,0.029,0.019,0.008,0.003,6.187,1.980,4.207,3.200,0.053,"< 0,01",0.003,"< 0,01",0.107,0.094,"< 0,01",0.073,0.013,28.985,4.374,4.230,4.616,,
4/14/2016,10:38,,1,-2.0735,-55.6209,PC,23,R,VI,4.00,0.20,7.21,29.1,69.400,6.7,87.8,45.7,0.8,22.20,0.37,48.29,0.110,0.031,0.021,0.008,0.001,4.693,0.678,4.015,2.930,0.045,"< 0,01",0.014,"< 0,01",0.051,0.559,0.006,0.058,0.010,36.273,3.997,5.508,69.782,,
4/14/2016,9:53,,1,-2.1125,-55.6214,PC,24,R,VI,4.20,0.20,7.30,29.2,70.400,7.4,96.2,35.3,0.7,22.89,0.55,35.43,0.102,0.026,0.017,0.007,0.002,4.666,0.403,4.263,2.650,0.056,"< 0,01",0.019,"< 0,01",0.058,0.056,"< 0,01",0.047,0.006,14.995,4.392,4.195,7.062,,
4/15/2016,13:10,,1,-2.1572,-55.8052,SL,30,R,VI,4.00,0.20,7.06,30.0,70.000,6.5,85.3,39.0,1.0,22.20,0.48,35.43,0.177,0.050,0.031,0.010,0.000,5.268,0.689,4.579,2.950,0.044,"< 0,01",0.021,"< 0,01",0.008,0.008,"< 0,01",0.043,0.006,29.748,6.820,5.670,54.923,,
4/15/2016,14:06,,1,-2.2200,-55.8084,SL,31,R,VI,4.00,0.20,7.18,30.0,65.700,7.0,93.0,46.5,0.8,20.15,0.37,35.43,0.171,0.047,0.029,0.010,0.002,6.038,1.363,4.675,2.570,0.048,"< 0,01",0.010,"< 0,01",0.012,0.007,0.006,0.130,0.007,59.977,2.152,8.667,109.831,,
4/15/2016,12:02,,1,-2.1774,-55.8063,SL,33,R,VI,4.20,0.20,6.91,29.8,69.600,6.2,81.9,43.0,1.0,23.40,0.34,38.57,0.193,0.055,0.034,0.012,0.003,6.311,0.808,5.503,2.470,0.058,"< 0,01",0.014,"< 0,01",0.182,0.166,0.016,0.100,0.010,43.323,2.982,4.978,112.626,,
4/16/2016,13:35,,1,-2.2588,-55.6236,PQ,9,R,VI,4.00,0.20,6.84,30.0,42.500,5.9,78.3,18.0,1.1,13.66,0.67,19.43,0.192,0.058,0.038,0.013,0.001,7.175,1.945,5.230,3.090,0.042,"< 0,01",0.004,"< 0,01",0.042,0.037,"< 0,01",0.129,0.015,21.816,1.081,3.532,25.439,,
4/16/2016,14:28,,1,-2.2748,-55.6251,PQ,10,R,VI,1.70,0.20,6.63,30.0,40.800,6.0,80.6,12.8,1.3,13.15,0.71,15.14,0.184,0.055,0.035,0.011,0.001,7.509,3.092,4.417,3.370,0.051,"< 0,01",0.009,"< 0,01",0.067,0.058,"< 0,01",0.123,0.007,17.934,0.899,3.465,24.614,,
4/17/2016,10:45,,1,-2.2299,-55.4952,PQ,11,R,VI,3.80,0.20,7.23,29.8,64.600,6.5,85.2,39.7,0.8,19.98,0.53,53.14,0.187,0.049,0.036,0.011,0.001,4.848,0.334,4.514,3.410,0.028,"< 0,01","< 0,001","< 0,01",0.016,0.049,"< 0,01",0.113,0.023,24.357,3.443,4.478,41.067,,
4/17/2016,11:48,,1,-2.1703,-55.4938,GP,14,R,VI,2.69,0.20,7.17,29.3,71.700,6.5,85.2,55.3,0.8,24.08,0.37,36.00,0.152,0.047,0.033,0.015,0.004,4.823,0.403,4.420,3.450,0.050,"< 0,01",0.013,"< 0,01",0.104,0.046,0.006,0.165,0.062,39.812,4.270,6.307,46.975,,
4/17/2016,13:31,,1,-2.1333,-55.4888,GP,15,R,VI,4.60,0.20,7.19,30.0,71.700,7.0,93.1,65.5,0.7,23.91,0.36,61.14,0.114,0.035,0.024,0.011,0.002,7.109,3.783,3.326,3.220,0.063,"< 0,01",0.028,"< 0,01",0.068,0.066,"< 0,01",0.093,0.075,72.562,1.861,8.958,86.376,,
4/19/2016,12:52,,1,-2.0706,-55.4869,SN,16,R,VI,4.20,0.20,7.40,30.5,72.100,NaN,NaN,NaN,NaN,24.77,0.35,45.43,0.130,0.038,0.025,0.010,0.002,5.998,0.801,5.197,3.320,0.062,"< 0,01",0.026,"< 0,01",0.067,0.065,"< 0,01",0.116,0.007,55.014,1.468,35.642,86.191,,
4/19/2016,14:28,,1,-2.0376,-55.4864,SN,17,R,VI,1.00,0.20,7.04,31.0,72.100,6.0,81.1,48.7,1.4,23.91,0.36,49.71,0.017,0.053,0.036,0.014,0.002,6.358,1.242,5.116,2.610,0.045,"< 0,01",0.015,"< 0,01",0.344,0.161,"< 0,01",0.078,0.007,55.775,8.651,7.270,90.650,,
4/19/2016,11:14,,1,-2.0957,-55.4889,SN,19,R,VI,3.70,0.20,7.19,30.3,73.900,6.5,87.0,55.2,1.0,24.94,0.37,43.71,0.136,0.039,0.025,0.009,0.000,6.354,1.710,4.644,3.290,0.066,"< 0,01",0.025,"< 0,01",0.225,0.154,"< 0,01",0.081,0.007,35.815,4.326,6.227,95.778,,
4/21/2016,9:22,,1,-2.2454,-55.2407,LG,2,R,VI,4.30,0.20,6.77,30.6,59.300,NaN,NaN,NaN,NaN,20.33,0.92,15.43,0.192,0.058,0.037,0.013,0.001,6.241,2.570,3.671,3.110,0.032,"< 0,01",0.001,"< 0,01",0.008,0.003,"< 0,01",0.105,0.010,18.637,0.211,1.799,19.831,,
4/21/2016,12:07,,1,-2.1660,-55.2332,LG,42,R,VI,3.90,0.20,7.22,29.7,69.000,7.1,93.4,68.1,0.7,23.06,0.33,64.57,0.185,0.039,0.032,0.008,0.003,6.717,2.118,4.599,2.920,0.068,"< 0,01",0.023,"< 0,01",0.266,0.171,"< 0,01",0.137,0.008,26.883,0.464,3.427,41.798,,
4/21/2016,10:17,,1,-2.2035,-55.2361,LG,43,R,VI,4.70,0.20,7.63,31.0,67.800,7.6,101.1,75.5,0.7,22.89,0.35,51.14,0.186,0.071,0.041,0.012,0.001,6.049,0.795,5.254,2.610,0.063,"< 0,01",0.017,"< 0,01",0.267,0.167,"< 0,01",0.130,0.009,32.917,0.696,5.011,44.248,,
4/21/2016,NaN,,1,-2.1804,-55.0164,AM,46,R,VI,NaN,0.20,NaN,NaN,NaN,NaN,NaN,NaN,NaN,NaN,NaN,126.00,NaN,NaN,NaN,NaN,NaN,NaN,NaN,NaN,NaN,NaN,NaN,NaN,NaN,NaN,NaN,NaN,NaN,NaN,NaN,NaN,NaN,NaN,,
9/29/2016,15:30,,1,-2.3071,-55.3733,LG,37,LW,VII,NaN,0.20,9.00,35.0,43.000,9.5,132.9,148.0,1.6,23.40,0.20,107.60,0.231,0.226,0.052,0.031,0.005,12.120,0.110,12.010,4.310,0.010,"< 0,01","< 0,01","< 0,01",0.432,0.385,0.070,"< 0,01","< 0,01",87.563,NaN,NaN,NaN,,
9/29/2016,16:30,,1,-2.2552,-55.3767,LG,38,LW,VII,NaN,0.20,8.05,33.1,44.000,9.6,133.3,144.4,1.5,25.40,0.17,122.50,0.197,0.189,0.044,0.019,0.000,9.062,0.469,8.593,3.370,0.002,"< 0,01","< 0,01","< 0,01",0.393,0.361,0.172,"< 0,01","< 0,01",30.732,NaN,NaN,NaN,,
9/30/2016,15:10,,1,-2.2405,-55.2405,LG,2,LW,VII,NaN,0.20,6.9,31.0,36.0,8.6,115.7,194.2,2.6,22.40,0.17,141.00,0.138,0.139,0.053,0.028,0.003,10.240,4.990,5.250,3.410,0.003,"< 0,01","< 0,01","< 0,01",0.698,0.526,0.115,"< 0,01","< 0,01",44.424,NaN,NaN,NaN,,
9/30/2016,14:10,,1,-2.1660,-55.2332,LG,42,LW,VII,NaN,0.20,7.08,30.7,55.200,8.9,119.2,247.4,1.8,29.70,0.15,193.00,0.168,0.165,0.043,0.020,0.002,15.070,6.301,8.769,3.510,0.002,"< 0,01","< 0,01","< 0,01",0.663,0.635,0.066,"< 0,01","< 0,01",17.047,NaN,NaN,NaN,,
9/30/2016,14:30,,1,-2.2035,-55.2361,LG,43,LW,VII,NaN,0.20,7.24,30.2,47.600,8.8,116.3,170.1,1.4,27.30,0.14,137.50,0.168,0.165,0.043,0.020,0.002,9.962,0.085,9.877,2.880,0.003,"< 0,01","< 0,01","< 0,01",0.435,0.417,0.074,"< 0,01","< 0,01",11.011,NaN,NaN,NaN,,
10/1/2016,12:15,,1,-2.1734,-55.3725,GP,39,LW,VII,NaN,0.20,7.05,30.1,47.100,9.1,120.0,205.4,1.5,25.40,0.17,98.50,0.334,0.333,0.113,0.057,0.007,8.568,1.086,7.482,3.890,0.016,"< 0,01",0.006,"< 0,01",0.512,0.468,0.084,"< 0,01","< 0,01",10.620,NaN,NaN,NaN,,
10/1/2016,11:35,,1,-2.1351,-55.3706,GP,40,LW,VII,NaN,0.20,7.06,29.9,50.800,9.0,118.7,188.3,1.5,28.30,0.11,93.50,0.271,0.271,0.077,0.039,0.005,8.351,0.434,7.917,2.530,0.011,"< 0,01",0.022,"< 0,01",0.323,0.318,0.060,"< 0,01","< 0,01",9.429,NaN,NaN,NaN,,
10/1/2016,11:00,,1,-2.1181,-55.3726,GP,41,LW,VII,NaN,0.20,6.98,30.1,51.000,9.4,124.9,412.5,2.2,29.90,0.09,285.50,0.345,0.342,0.118,0.067,0.011,8.236,0.447,7.789,4.160,0.040,"< 0,01",0.025,"< 0,01",0.363,0.364,0.107,"< 0,01","< 0,01",16.430,NaN,NaN,NaN,,
10/1/2016,NaN,,1,-2.1159,-55.4471,GP,47,LW,VII,NaN,0.20,NaN,NaN,NaN,NaN,NaN,NaN,NaN,NaN,NaN,NaN,0.012,0.024,0.002,0.001,0.001,9.856,8.939,0.917,2.300,0.030,"< 0,01",0.012,"< 0,01",0.871,0.628,0.025,"< 0,01","< 0,01",4.257,NaN,NaN,NaN,,
10/2/2016,15:30,,1,-2.2792,-55.2247,LG,49,LW,VII,NaN,0.20,4.54,32.6,13.200,13.1,180.7,6.4,8.9,16.60,1.16,1.00,0.085,0.077,0.013,0.004,0.001,11.510,5.932,5.578,0.780,0.032,"< 0,01",0.022,"< 0,01",0.382,0.356,0.038,"< 0,01","< 0,01",24.942,NaN,NaN,NaN,,
10/3/2016,12:30,,1,-2.2594,-55.6240,PQ,9,LW,VII,NaN,0.20,6.4,32.2,20.0,8.2,112.1,272.2,1.6,7.80,0.12,190.00,0.150,0.142,0.031,0.011,0.000,8.925,0.835,8.090,0.800,0.006,"< 0,01","< 0,01","< 0,01",0.497,0.454,0.035,"< 0,01","< 0,01",8.673,NaN,NaN,NaN,,
10/3/2016,13:00,,1,-2.2708,-55.6253,PQ,10,LW,VII,NaN,0.20,5.7,32.1,19.0,7.3,99.4,439.3,1.7,7.80,0.07,349.33,0.164,0.165,0.038,0.016,0.002,10.489,0.839,9.650,0.430,0.016,"< 0,01",0.000,"< 0,01",0.436,0.421,0.046,"< 0,01","< 0,01",4.535,NaN,NaN,NaN,,
10/3/2016,14:15,,1,-2.2307,-55.4941,PQ,11,LW,VII,NaN,0.20,6.6,31.8,24.0,9.0,122.0,397.1,1.8,10.80,0.09,337.33,0.161,0.158,0.033,0.012,0.000,8.265,0.258,8.007,1.070,0.000,"< 0,01","< 0,01","< 0,01",0.405,0.365,0.057,"< 0,01","< 0,01",10.007,NaN,NaN,NaN,,
10/3/2016,14:39,,1,-2.2501,-55.4937,PQ,12,LW,VII,NaN,0.20,6.4,33.0,22.0,8.6,120.3,305.1,2.7,8.70,0.08,275.33,0.144,0.145,0.027,0.009,0.001,7.893,0.015,7.878,1.210,0.033,"< 0,01",0.002,"< 0,01",0.496,0.325,0.048,"< 0,01","< 0,01",12.043,NaN,NaN,NaN,,
10/4/2016,13:30,,1,-2.1673,-55.4949,GP,14,LW,VII,NaN,0.20,6.9,31.6,36.0,9.2,125.5,231.1,2.0,18.30,0.08,135.00,0.577,0.567,0.211,0.117,0.020,9.771,0.261,9.510,3.150,0.033,"< 0,01",0.003,"< 0,01",0.311,0.287,0.055,"< 0,01","< 0,01",14.547,NaN,NaN,NaN,,
10/4/2016,12:45,,1,-2.1324,-55.4886,GP,15,LW,VII,NaN,0.20,7.0,31.0,39.0,8.6,115.5,219.5,1.6,24.90,0.08,161.00,0.201,0.201,0.152,0.032,0.002,9.747,0.435,9.312,2.160,0.026,"< 0,01",0.021,"< 0,01",0.293,0.221,0.162,"< 0,01","< 0,01",8.924,NaN,NaN,NaN,,
10/4/2016,11:30,,1,-2.0687,-55.4863,SN,16,LW,VII,NaN,0.20,7.2,31.1,39.0,9.4,125.9,180.5,2.3,25.40,0.12,84.00,0.228,0.229,0.064,0.028,0.001,7.820,0.129,7.691,2.300,0.043,"< 0,01",0.017,"< 0,01",0.318,0.264,0.051,"< 0,01","< 0,01",11.539,NaN,NaN,NaN,,
10/4/2016,10:45,,1,-2.0461,-55.4849,SN,17,LW,VII,NaN,0.20,7.0,31.3,39.1,9.2,125.1,270.7,2.3,24.40,0.08,187.00,0.313,0.313,0.093,0.044,0.005,8.998,0.967,8.031,1.750,0.036,"< 0,01",0.003,"< 0,01",0.290,0.235,0.052,"< 0,01","< 0,01",11.807,NaN,NaN,NaN,,
10/4/2016,12:15,,1,-2.0956,-55.4888,SN,19,LW,VII,NaN,0.20,6.9,32.6,44.9,9.0,123.9,245.9,2.4,27.30,0.11,149.00,0.204,0.202,0.055,0.025,0.002,11.320,0.850,10.470,1.890,0.003,"< 0,01",0.002,"< 0,01",0.274,0.218,0.032,"< 0,01","< 0,01",9.428,NaN,NaN,NaN,,
10/4/2016, 10:20,,1,-2.0615,-55.4612,SN,48,LW,VII,NaN,0.20,6.6,31.0,43.0,7.6,102.0,343.8,2.7,25.40,0.08,245.33,0.185,0.178,0.049,0.021,0.001,9.723,2.463,7.260,2.470,0.046,"< 0,01",0.024,"< 0,01",0.442,0.321,0.033,"< 0,01","< 0,01",12.354,NaN,NaN,NaN,,
10/5/2016,13:00,,1,-2.1423,-55.6256,PC,22,LW,VII,NaN,0.20,7.0,32.1,52.0,9.2,126.0,242.2,2.0,29.30,0.10,148.00,0.507,0.503,0.173,0.094,0.016,0.709,0.024,0.685,2.080,0.031,"< 0,01",0.015,"< 0,01",0.296,0.228,0.036,"< 0,01","< 0,01",7.162,NaN,NaN,NaN,,
10/5/2016,12:00,,1,-2.0935,-55.6217,PC,23,LW,VII,NaN,0.20,7.2,32.0,54.0,9.8,134.2,205.1,2.7,34.20,0.11,104.00,0.254,0.249,0.057,0.023,0.003,12.658,3.732,8.926,3.420,0.012,"< 0,01","< 0,01","< 0,01",0.303,0.294,0.043,"< 0,01","< 0,01",12.656,NaN,NaN,NaN,,
10/5/2016,12:30,,1,-2.1115,-55.6216,PC,24,LW,VII,NaN,0.20,7.4,32.2,52.0,9.6,132.3,199.4,2.2,34.90,0.10,95.00,0.247,0.243,0.054,0.022,0.002,11.500,1.544,9.956,3.620,0.021,"< 0,01",0.009,"< 0,01",0.287,0.265,0.034,"< 0,01","< 0,01",7.674,NaN,NaN,NaN,,
10/5/2016,13:40,,1,-2.2022,-55.6254,PD,25,LW,VII,NaN,0.20,6.6,32.1,34.0,8.4,115.5,218.0,1.6,19.50,0.10,109.00,0.232,0.231,0.067,0.037,0.003,8.422,0.157,8.265,1.300,0.023,"< 0,01",0.296,"< 0,01",0.298,0.274,0.096,"< 0,01","< 0,01",16.375,NaN,NaN,NaN,,
10/6/2016,12:00,,1,-2.1711,-55.8041,SL,30,LW,VII,NaN,0.20,7.0,34.2,37.0,9.8,138.7,241.8,2.4,19.50,0.12,66.00,0.343,0.348,0.112,0.057,0.002,9.341,6.973,2.368,0.910,0.036,"< 0,01",0.012,"< 0,01",0.237,0.217,0.045,"< 0,01","< 0,01",9.704,NaN,NaN,NaN,,
10/6/2016,11:30,,1,-2.2157,-55.8089,SL,31,LW,VII,NaN,0.20,6.1,32.6,23.0,8.2,114.0,359.2,2.3,14.60,0.07,189.00,0.234,0.235,0.073,0.038,0.006,13.300,5.384,7.916,1.870,0.045,"< 0,01",0.023,"< 0,01",0.379,0.355,0.024,"< 0,01","< 0,01",8.732,NaN,NaN,NaN,,
10/6/2016,13:00,,1,-2.1765,-55.8132,SL,33,LW,VII,NaN,0.20,6.7,34.0,35.6,8.8,124.8,182.0,1.9,20.90,0.11,46.00,0.203,0.201,0.059,0.028,0.002,12.050,4.384,7.666,3.950,0.406,"< 0,01",0.003,"< 0,01",0.440,0.423,0.043,"< 0,01","< 0,01",9.978,NaN,NaN,NaN,,
10/6/2016,9:00,,1,-2.1860,-54.9663,AM,46,LW,VII,NaN,0.20,NaN,NaN,NaN,NaN,NaN,NaN,NaN,33.20,NaN,57.00,0.162,0.163,0.037,0.013,0.001,9.725,2.231,7.494,0.110,0.014,"< 0,01",0.003,"< 0,01",0.331,0.325,0.029,"< 0,01","< 0,01",12.212,NaN,NaN,NaN,,
4/10/2017,18:00,,1,-2.1804,-55.0164,AM,46,HW,VIII,NaN,0.20,6.56,29.0,44.600,7.1,95.0,17.1,0.9,45.63,NaN,57.00,0.094,0.097,0.032,0.021,0.002,10.110,0.950,9.160,3.200,0.020,0.003,0.015,0.002,0.207,0.200,0.030,"< 0,001","< 0,001",8.229,0.532,1.129,10.997,,
4/11/2017,11:50,,1,-2.3071,-55.3733,LG,37,HW,VIII,6.20,0.20,7.17,30.6,39.500,7.0,93.6,18.6,0.9,23.89,0.67,19.14,0.082,0.083,0.021,0.009,0.000,10.200,0.190,10.010,3.340,0.035,0.002,0.030,0.003,0.374,0.364,0.031,"< 0,001","< 0,001",14.210,5.061,19.835,< LD,,
4/11/2017,18:00,,1,-2.2552,-55.3767,LG,38,HW,VIII,6.90,0.20,7.69,29.8,44.100,7.8,104.1,14.3,0.9,28.77,0.58,18.75,NaN,NaN,NaN,NaN,NaN,NaN,NaN,NaN,NaN,NaN,NaN,NaN,NaN,NaN,NaN,NaN,NaN,NaN,NaN,NaN,NaN,NaN,,
4/11/2017,14:30,,1,-2.1733,-55.3729,GP,39,HW,VIII,6.80,0.20,7.57,33.6,47.100,7.3,102.3,14.2,1.4,31.77,0.74,14.50,0.115,0.117,0.035,0.016,0.001,11.180,1.726,9.454,3.570,0.041,0.002,0.035,0.004,0.473,0.453,0.026,"< 0,001","< 0,001",62.349,1.803,7.629,98.516,,
4/11/2017,15:15,,1,-2.1351,-55.3706,GP,40,HW,VIII,6.90,0.20,7.38,31.7,50.100,7.6,106.8,19.0,2.0,30.52,0.49,19.00,0.051,0.052,0.023,0.013,0.001,14.010,7.773,6.237,3.360,0.030,0.000,0.021,0.009,0.232,0.128,0.115,"< 0,001","< 0,001",28.246,0.652,2.840,40.442,,
4/11/2017,15:50,,1,-2.1137,-55.3706,GP,41,HW,VIII,3.70,0.20,7.13,29.9,48.300,5.7,76.3,25.1,1.4,33.65,0.50,25.75,0.051,0.053,0.017,0.009,0.000,9.656,3.198,6.458,3.340,0.025,0.000,0.057,"< 0,001",0.121,0.095,0.071,"< 0,001","< 0,001",20.928,2.945,3.778,30.627,,
4/12/2017,12:15,,1,-2.2307,-55.4941,PQ,11,HW,VIII,6.50,0.20,6.95,30.1,42.300,3.5,45.9,8.3,0.9,27.72,0.91,12.25,0.101,0.108,0.019,0.006,0.003,7.164,0.638,6.526,2.830,0.019,0.001,0.012,0.006,0.218,0.196,0.098,"< 0,001","< 0,001",12.935,0.742,1.245,16.904,,
4/12/2017,11:30,,1,-2.2501,-55.4937,PQ,12,HW,VIII,4.40,0.20,6.80,29.5,33.400,3.5,46.7,8.3,0.9,25.28,1.10,8.00,0.133,0.142,0.042,0.006,0.004,12.300,3.477,8.823,2.430,0.029,0.004,0.025,"< 0,001",0.251,0.235,0.058,"< 0,001","< 0,001",9.831,0.470,1.161,13.723,,
4/12/2017,13:30,,1,-2.1703,-55.4938,GP,14,HW,VIII,6.20,0.20,7.16,29.0,41.600,5.2,68.8,11.9,1.1,28.38,0.83,11.56,0.104,0.107,0.030,0.012,0.009,8.950,0.295,8.655,3.160,0.025,0.002,0.023,"< 0,001",0.208,0.200,0.036,"< 0,001","< 0,001",12.138,0.750,1.073,17.722,,
4/12/2017,14:45,,1,-2.1333,-55.4888,GP,15,HW,VIII,5.70,0.20,7.20,29.6,42.900,5.8,76.6,15.5,0.9,28.11,0.76,12.67,0.162,0.163,0.032,0.007,0.004,8.895,0.491,8.404,3.250,0.027,0.003,0.023,0.002,0.200,0.176,0.038,"< 0,001","< 0,001",11.370,0.651,1.025,16.541,,
4/12/2017,15:25,,1,-2.0957,-55.4889,SN,19,HW,VIII,6.10,0.20,7.10,30.2,47.300,5.9,77.9,15.7,1.3,28.11,0.72,14.89,0.092,0.094,0.032,0.015,0.002,9.498,0.967,8.531,3.350,0.036,0.002,0.025,0.009,0.252,0.246,0.020,"< 0,001","< 0,001",14.992,1.250,1.571,20.448,,
4/13/2017,11:00,,1,-2.0706,-55.4869,SN,16,HW,VIII,6.60,0.20,6.95,28.6,50.700,5.2,68.7,10.9,1.6,36.53,0.84,11.50,0.142,0.014,0.023,0.005,0.004,11.590,2.546,9.044,2.960,0.041,0.001,0.030,0.010,0.276,0.245,0.032,"< 0,001","< 0,001",18.753,2.057,2.462,25.538,,
4/13/2017,12:00,,1,-2.0376,-55.4864,SN,17,HW,VIII,4.60,0.20,6.70,30.5,50.700,2.2,29.3,8.3,1.6,33.01,0.92,7.50,0.083,0.094,0.028,0.014,0.002,14.810,5.933,8.877,3.040,0.035,0.004,0.029,0.002,0.236,0.218,0.034,"< 0,001","< 0,001",12.740,2.057,1.459,17.540,,
4/13/2017,16:45,,1,-2.1426,-55.6258,PC,22,HW,VIII,6.80,0.20,7.08,30.6,42.800,5.7,76.0,15.0,1.9,NaN,0.74,13.00,0.111,0.115,0.031,0.008,0.002,8.841,0.064,8.777,3.110,0.029,0.000,0.022,0.008,0.192,0.185,0.015,"< 0,001","< 0,001",15.090,1.478,0.566,4.726,,
4/13/2017,15:30,,1,-2.0735,-55.6209,PC,23,HW,VIII,3.70,0.20,6.85,28.9,47.400,4.7,64.5,7.1,1.6,32.09,1.00,6.75,0.123,0.125,0.032,0.012,0.004,7.686,0.866,6.820,3.430,0.030,0.000,0.023,0.007,0.191,0.185,0.030,"< 0,001","< 0,001",19.107,1.632,2.326,27.174,,
4/13/2017,16:00,,1,-2.1125,-55.6214,PC,24,HW,VIII,6.20,0.20,6.90,30.9,45.200,5.9,80.2,12.5,1.9,NaN,0.71,11.25,0.121,0.123,0.128,0.012,0.001,11.240,2.882,8.358,3.290,0.036,0.002,0.022,0.013,0.205,0.200,0.016,"< 0,001","< 0,001",17.898,1.960,2.066,19.176,,
4/13/2017,9:00,,1,-2.2713,-55.4790,LG,50,HW,VIII,2.50,0.20,6.95,29.0,33.000,NaN,NaN,NaN,NaN,25.35,NaN,15.75,0.088,0.092,0.029,0.016,0.000,13.810,6.498,7.312,3.090,0.029,0.002,0.024,0.002,0.211,0.205,0.026,"< 0,001","< 0,001",16.456,1.111,2.193,25.538,,
4/14/2017,16:00,,1,-2.2067,-55.6236,PD,25,HW,VIII,5.80,0.20,7.07,31.8,40.000,6.8,92.7,11.9,1.9,NaN,0.72,12.75,0.115,0.116,0.015,0.009,0.001,3.424,0.144,3.280,2.170,0.044,0.003,0.038,0.003,0.061,0.057,0.030,"< 0,001","< 0,001",23.828,1.279,2.888,34.444,,
4/14/2017,9:10,,1,-2.1572,-55.8052,SL,30,HW,VIII,5.60,0.20,6.75,29.5,42.600,3.5,46.5,24.0,0.9,NaN,0.57,19.71,0.152,0.156,0.042,0.016,0.001,11.710,4.262,7.448,2.810,0.024,0.003,0.021,"< 0,001",0.223,0.218,0.017,"< 0,001","< 0,001",6.734,0.157,0.714,18.631,,
4/14/2017,11:00,,1,-2.2200,-55.8084,SL,31,HW,VIII,5.90,0.20,6.90,30.5,37.200,5.0,66.6,3.0,1.6,NaN,1.44,4.80,0.082,0.085,0.031,0.015,0.001,9.479,3.944,5.535,2.490,0.019,0.005,0.019,"< 0,001",0.143,0.186,0.037,"< 0,001","< 0,001",25.515,0.697,3.047,35.626,,
4/14/2017,9:45,,1,-2.1774,-55.8063,SL,33,HW,VIII,6.20,0.20,6.70,30.6,41.400,2.3,30.2,20.3,0.7,NaN,0.65,16.50,0.133,0.134,0.031,0.011,0.002,17.730,9.182,8.548,2.970,0.039,0.005,0.032,0.002,0.198,0.183,0.028,"< 0,001","< 0,001",9.535,0.427,1.412,14.359,,
4/15/2017,11:45,,1,-2.2594,-55.6230,PQ,9,HW,VIII,7.40,0.20,6.60,29.4,35.700,2.9,38.9,4.2,1.0,NaN,1.26,5.75,0.102,0.108,0.032,0.021,0.005,9.360,3.431,5.929,2.000,0.020,0.003,0.013,0.005,0.205,0.198,0.026,"< 0,001","< 0,001",13.395,0.624,1.755,16.359,,
4/15/2017,11:00,,1,-2.2709,-55.6253,PQ,10,HW,VIII,5.40,0.20,6.35,29.7,29.200,2.9,38.7,2.8,1.4,NaN,1.31,4.50,0.152,0.153,0.030,0.019,0.003,12.490,2.522,9.968,1.350,0.042,0.003,0.009,0.030,0.233,0.184,0.021,"< 0,001","< 0,001",16.973,1.653,3.182,23.720,,
4/18/2017,13:00,,1,-2.2454,-55.2407,LG,2,HW,VIII,6.90,0.20,6.99,31.3,38.600,6.4,86.4,10.8,1.7,NaN,0.80,12.20,0.185,0.188,0.043,0.022,0.005,7.691,0.998,6.693,2.380,0.015,0.003,0.011,0.001,0.302,0.256,0.079,"< 0,001","< 0,001",47.550,4.953,0.202,62.709,,
4/18/2017,9:40,,1,-2.1660,-55.2332,LG,42,HW,VIII,5.80,0.20,6.84,28.9,46.500,4.4,58.3,23.5,1.1,NaN,0.60,22.25,0.107,0.109,0.027,0.016,0.002,9.276,1.599,7.677,2.230,0.023,0.000,0.027,"< 0,001",0.229,0.220,0.022,"< 0,001","< 0,001",14.434,0.839,0.674,7.452,,
4/18/2017,10:20,,1,-2.2035,-55.2361,LG,43,HW,VIII,7.60,0.20,7.08,29.6,43.200,6.5,86.6,14.1,0.8,NaN,0.70,13.40,0.094,0.094,0.032,0.016,0.002,16.890,9.000,7.890,2.850,0.029,0.004,0.022,0.004,0.160,0.155,0.038,"< 0,001","< 0,001",9.109,0.660,1.129,12.269,,
4/18/2017,11:20,,1,-2.0652,-55.4612,LG,49,HW,VIII,8.10,0.20,6.63,30.1,38.700,69.0,5.2,9.8,1.2,NaN,1.20,11.60,0.185,0.186,0.042,0.026,0.013,13.670,1.990,11.680,3.070,0.043,0.002,0.024,0.017,0.213,0.210,0.028,"< 0,001","< 0,001",3.288,1.990,4.201,5.362,,
9/12/2017,15:00,,1,-2.1426,-55.6258,PC,22,F,IX,2.50,0.20,7.60,31.0,54.700,7.8,104.6,70.5,4.7,61.00,0.40,68.00,0.091,0.027,0.009,0.007,0.001,7.767,0.237,7.530,1.380,0.033,0.001,0.018,0.013,0.345,0.207,0.021,"< 0,001","< 0,001",10.560,2.160,1.320,15.430,,
9/12/2017,16:00,,1,-2.1125,-55.6214,PC,24,F,IX,1.90,0.20,8.00,30.0,52.700,7.8,105.8,70.5,4.9,63.93,0.38,75.50,0.112,0.022,0.007,0.004,0.001,8.669,0.959,7.710,1.000,0.032,0.001,0.026,0.004,0.401,0.335,0.013,"< 0,001","< 0,001",10.420,2.460,1.280,5.180,,
9/12/2017,17:00,,1,-2.1784,-55.6332,PD,36,F,IX,2.30,0.20,8.98,31.4,47.600,8.1,110.3,69.7,5.2,55.14,0.40,63.00,0.182,0.043,0.019,0.013,0.005,8.299,0.475,7.824,2.060,0.010,0.001,0.007,0.002,0.506,0.431,0.027,"< 0,001","< 0,001",20.126,2.470,2.170,22.310,,
9/14/2017,NaN,,1,-2.1703,-55.4938,GP,14,F,IX,NaN,0.20,8.52,32.7,53.100,8.2,111.8,66.7,6.0,53.05,0.43,62.50,0.153,0.042,0.019,0.011,0.001,8.232,0.271,7.961,1.000,0.031,0.001,0.011,0.019,0.648,0.476,0.052,"< 0,001","< 0,001",9.440,1.250,1.460,5.640,,
9/14/2017,NaN,,1,-2.1333,-55.4888,GP,15,F,IX,NaN,0.20,7.90,33.0,49.700,7.1,95.0,84.6,4.5,48.80,0.38,94.00,0.133,0.036,0.011,0.005,0.001,7.793,0.208,7.585,1.000,0.032,0.001,0.012,0.019,0.613,0.339,0.030,"< 0,001","< 0,001",9.470,1.460,1.100,8.470,,
9/14/2017,NaN,,1,-2.2067,-55.6236,PD,25,F,IX,NaN,0.20,7.80,31.8,48.100,8.2,112.0,80.5,4.9,49.78,0.27,85.50,0.084,0.056,0.018,0.011,0.004,8.383,0.771,7.612,1.000,0.032,0.001,0.023,0.007,0.430,0.268,0.028,"< 0,001","< 0,001",11.030,2.180,3.100,15.740,,
9/14/2017,NaN,,1,-2.1572,-55.8052,SL,30,F,IX,NaN,0.20,7.47,32.0,48.800,6.4,85.1,118.2,1.9,50.02,0.32,101.50,0.179,0.057,0.020,0.013,0.001,7.442,0.175,7.267,1.300,0.035,0.001,0.020,0.014,0.486,0.279,0.010,"< 0,001","< 0,001",15.660,2.220,3.470,16.310,,
9/14/2017,NaN,,1,-2.2200,-55.8084,SL,31,F,IX,NaN,0.20,7.20,32.0,41.000,6.6,88.9,48.8,3.3,43.65,0.44,48.00,0.175,0.032,0.022,0.014,0.001,8.394,0.187,8.207,2.090,0.040,0.002,0.023,0.015,0.371,0.365,0.031,"< 0,001","< 0,001",15.870,2.640,3.650,20.180,,
9/14/2017,NaN,,1,-2.1774,-55.8063,SL,33,F,IX,NaN,0.20,7.56,32.0,47.900,6.1,80.9,86.4,1.4,49.53,0.32,85.50,0.184,0.042,0.021,0.014,0.001,7.672,0.695,6.977,1.890,0.032,0.001,0.018,0.012,0.428,0.299,0.014,"< 0,001","< 0,001",5.400,2.130,1.600,15.420,,
9/15/2017,NaN,,1,-2.0706,-55.4869,SN,16,F,IX,1.50,0.20,7.48,30.4,44.800,7.1,94.9,61.1,2.1,42.70,NaN,58.00,0.132,0.028,0.012,0.008,0.001,6.062,0.264,5.798,1.130,0.031,0.002,0.014,0.015,0.634,0.219,0.028,"< 0,001","< 0,001",10.210,1.340,1.180,15.180,,
9/15/2017,NaN,,1,-2.0376,-55.4864,SN,17,F,IX,NaN,0.20,7.06,32.6,43.700,6.4,85.6,130.7,2.1,41.82,0.47,117.00,0.092,0.028,0.011,0.009,0.001,7.795,0.301,7.494,1.910,0.039,0.001,0.016,0.022,0.667,0.289,0.031,"< 0,001","< 0,001",12.360,2.180,1.164,18.230,,
9/15/2017,NaN,,1,-2.0957,-55.4889,SN,19,F,IX,1.20,0.20,7.59,29.9,46.000,6.9,91.6,109.7,2.4,43.92,NaN,100.00,0.125,0.026,0.010,0.006,0.001,7.672,0.188,7.484,1.810,0.042,0.001,0.019,0.022,0.652,0.326,0.024,"< 0,001","< 0,001",10.470,2.250,1.540,15.460,,
9/15/2017,NaN,,1,-2.3071,-55.3733,LG,37,F,IX,NaN,0.20,9.97,34.0,65.600,NaN,NaN,NaN,NaN,50.51,0.38,40.50,0.088,0.028,0.005,0.003,0.000,13.640,2.550,11.090,1.160,0.029,0.001,0.009,0.019,0.885,0.286,0.028,"< 0,001","< 0,001",10.180,2.690,2.540,8.790,,
9/15/2017,NaN,,1,-2.2552,-55.3767,LG,38,F,IX,2.30,0.20,9.82,32.2,62.700,10.4,142.3,42.0,2.9,57.44,0.37,43.20,0.113,0.027,0.007,0.004,0.001,9.374,0.328,9.046,1.000,0.038,0.001,0.023,0.014,0.816,0.355,0.022,"< 0,001","< 0,001",5.230,3.450,2.640,2.170,,
9/15/2017,NaN,,1,-2.1733,-55.3729,GP,39,F,IX,2.20,0.20,8.60,33.0,53.400,7.3,97.7,70.7,5.7,54.90,0.27,57.00,0.097,0.020,0.006,0.004,0.001,7.941,0.310,7.631,1.000,0.036,0.001,0.017,0.018,0.532,0.373,0.024,"< 0,001","< 0,001",10.570,3.610,8.320,9.230,,
9/15/2017,NaN,,1,-2.1351,-55.3706,GP,40,F,IX,NaN,0.20,9.20,33.0,55.400,8.0,110.1,90.2,3.5,56.27,NaN,NaN,0.094,0.023,0.009,0.004,0.001,9.397,1.191,8.206,1.190,0.039,0.001,0.014,0.024,0.489,0.411,0.018,"< 0,001","< 0,001",30.470,1.160,10.590,15.240,,
9/15/2017,NaN,,1,-2.1137,-55.3706,GP,41,F,IX,NaN,0.20,9.10,34.2,54.200,9.3,127.9,83.4,3.3,54.90,NaN,67.50,0.085,0.044,0.007,0.003,0.001,8.163,0.116,8.047,1.000,0.032,0.001,0.009,0.021,0.433,0.380,0.010,"< 0,001","< 0,001",20.580,1.080,10.230,20.780,,
9/16/2017,NaN,,1,-2.2594,-55.6230,PQ,9,F,IX,NaN,0.20,7.16,28.1,25.800,5.6,76.5,97.8,2.4,25.86,0.38,85.00,0.172,0.037,0.015,0.012,0.001,15.000,2.070,12.930,2.200,0.025,0.001,0.012,0.012,1.826,0.590,0.024,"< 0,001","< 0,001",9.230,5.160,1.340,15.260,,
9/16/2017,NaN,,1,-2.2709,-55.6253,PQ,10,F,IX,NaN,0.20,6.84,28.3,25.800,4.7,64.6,58.7,6.8,28.55,0.31,56.50,0.185,0.056,0.016,0.011,0.001,8.648,0.067,8.581,1.110,0.023,0.001,0.011,0.010,1.374,0.486,0.021,"< 0,001","< 0,001",10.460,3.240,1.580,18.750,,
9/16/2017,NaN,,1,-2.2307,-55.4941,PQ,11,F,IX,NaN,0.20,7.54,28.0,31.900,8.1,109.6,78.6,3.0,33.43,0.28,69.50,0.173,0.063,0.017,0.012,0.001,10.170,0.488,9.682,1.410,0.027,0.001,0.012,0.013,1.362,1.107,0.073,"< 0,001","< 0,001",9.260,1.180,1.450,8.230,,
9/18/2017,NaN,,1,-2.1660,-55.2332,LG,42,F,IX,NaN,0.20,7.94,31.5,39.800,7.5,99.7,140.7,2.3,55.80,NaN,127.00,0.183,0.054,0.007,0.004,0.001,9.004,1.191,7.813,1.000,0.032,0.001,0.009,0.022,0.573,0.319,0.008,"< 0,001","< 0,001",18.730,3.260,0.180,20.640,,
9/18/2017,NaN,,1,-2.2035,-55.2361,LG,43,F,IX,NaN,0.20,8.34,30.0,37.100,7.5,100.8,61.8,4.2,54.14,NaN,60.00,0.188,0.061,0.011,0.008,0.001,7.476,0.220,7.256,0.800,0.023,0.001,0.011,0.011,0.583,0.549,0.017,"< 0,001","< 0,001",15.200,3.460,0.140,18.320,,
9/18/2017,NaN,,1,-2.2789,-55.2250,LG,49,F,IX,NaN,0.20,6.72,31.1,22.200,6.5,88.6,6.1,4.1,33.82,1.00,10.40,NaN,NaN,NaN,NaN,NaN,NaN,NaN,NaN,NaN,NaN,NaN,NaN,NaN,NaN,NaN,NaN,NaN,NaN,NaN,NaN,NaN,NaN,,
9/19/2017,NaN,,1,-2.1804,-55.0164,AM,46,F,IX,22.80,0.20,6.88,31.7,39.500,4.7,63.7,20.7,0.6,56.14,NaN,20.75,1.739,0.055,0.011,0.010,0.001,4.821,0.200,4.621,1.440,0.020,0.001,0.012,0.007,0.297,0.301,0.014,"< 0,001","< 0,001",10.460,2.050,0.190,15.280,,
DD/MM/YYYY,HH:MM,,M,"-0,0000","-00,0000",,,,,m,m,,C,S/cm,mg/L,%,NTU,RFU,,m,mg/L,mg/L,mg/L,mg/L,mg/L,mg/L,mg/L,mg/L,mg/L,mg/L,mg/L,mg/L,mg/L,mg/L,mg/L,mg/L,mg/L,mg/L,mg/L,mg/L,mg/L,mg/L,mg/L,,
,,,,,,,,,,,,,,,,,,,,,,,,,,,,,,,,,,,,,,,,,,,,,
,,,,,,,,,,,,,,,,,,,,,,,,,,,,,,,,,,,,,,,,,,,,,
